عنوان,منبع,گروه,زمان,لینک
علیرضا دبیر: ما باعث شدیم کیمیا علیزاده از ایران برود، به این دختر افتخار می‌کنم,خبرورزشی,اخبار-ورزشی,2024-09-13 10:03:08.693761,https://www.shahrekhabar.com/news/172620864027783
واکنش رنار به دریافت پیشنهاد هدایت تیم ملی عربستان,خبرگزاری تسنیم,اخبار-ورزشی,2024-09-13 10:03:08.693761,https://www.shahrekhabar.com/news/172620852019271
هیولای بدنسازی جهان در سن ۳۶ سالگی درگذشت,خبرورزشی,اخبار-ورزشی,2024-09-13 10:03:08.693761,https://www.shahrekhabar.com/news/172620792011022
(عکس) تیپ نفیسه روشن در امارات هنگام تماشای بازی تیم ملی,فرارو,اخبار-ورزشی,2024-09-13 10:03:08.693761,https://www.shahrekhabar.com/news/172620720024595
طارمی به سبک ایتالیایی‌ها در اکران فیلم سینمایی اینتر +عکس,خبرورزشی,اخبار-ورزشی,2024-09-13 10:03:08.693761,https://www.shahrekhabar.com/news/172620714021614
ترافیک دردسرساز برای گاریدو/ هر هفته چند ستاره خط می‌خورند!,خبرورزشی,اخبار-ورزشی,2024-09-13 10:03:08.693761,https://www.shahrekhabar.com/news/172620708005782
مورد قابل تامل خرید عجیب پرسپولیس/ بازیکنی که پشت دروازه تمرین می‌کند!,خبرورزشی,اخبار-ورزشی,2024-09-13 10:03:08.693761,https://www.shahrekhabar.com/news/172620696012698
اقبالی: مقابل امارات به دوره کی‌روش بازگشتیم!,خبرگزاری تسنیم,اخبار-ورزشی,2024-09-13 10:03:08.693761,https://www.shahrekhabar.com/news/172620684045146
درخواست مهم گاریدو برای ادامه نقل و انتقالات,خبرورزشی,اخبار-ورزشی,2024-09-13 10:03:08.693761,https://www.shahrekhabar.com/news/172620636029579
پایان اردوی تیم ملی کشتی فرنگی/ استارت آزادکاران از امروز,خبرگزاری تسنیم,اخبار-ورزشی,2024-09-13 10:03:08.693761,https://www.shahrekhabar.com/news/172620630058690
دیوید تیلور حریف کامران قاسم‌پور می‌شود؟,مشرق نیوز,اخبار-ورزشی,2024-09-13 10:03:08.693761,https://www.shahrekhabar.com/news/172620600038160
(عکس) استایل پلوخوری مهدی طارمی در سینمای ایتالیایی,فرارو,اخبار-ورزشی,2024-09-13 10:03:08.693761,https://www.shahrekhabar.com/news/17262057000988
فوق ستاره ایرانی در جمع ۱۰ بازیکن برتر جهان | بهترین بازیکن جهان در سال ۲۰۲۳ به زودی اعلام می شود,همشهری آنلاین,اخبار-ورزشی,2024-09-13 10:03:08.693761,https://www.shahrekhabar.com/news/172620444026948
بهرام عبدولی کیست و چرا در چین همه درباره او حرف می‌زنند؟,فرارو,اخبار-ورزشی,2024-09-13 10:03:08.693761,https://www.shahrekhabar.com/news/172620420097093
سورپرایز لحظه آخری پرسپولیس؛ مهاجم جدید خارجی با قیمت یک میلیون دلار,فرارو,اخبار-ورزشی,2024-09-13 10:03:08.693761,https://www.shahrekhabar.com/news/172620390017244
آخرین بمب نقل و انتقالاتی استقلال هم پرسپولیسی است!,فرارو,اخبار-ورزشی,2024-09-13 10:03:08.693761,https://www.shahrekhabar.com/news/17262036001748
بعد از کریستیانو رونالدو، نیمار مقابل پرسپولیس بازی می‌کند,فرارو,اخبار-ورزشی,2024-09-13 10:03:08.693761,https://www.shahrekhabar.com/news/172620330008532
خط و نشان بهروز عطایی برای اروین انگاپت,فرارو,اخبار-ورزشی,2024-09-13 10:03:08.693761,https://www.shahrekhabar.com/news/172620300012061
روز و ساعت بازی پرسپولیس - الاهلی عربستان در لیگ نخبگان,فرارو,اخبار-ورزشی,2024-09-13 10:03:08.693761,https://www.shahrekhabar.com/news/172620300005984
تیلور به تشک کشتی برمی‌گردد؛ این بار در برابر کامران قاسمپور؟,همشهری آنلاین,اخبار-ورزشی,2024-09-13 10:03:08.693761,https://www.shahrekhabar.com/news/172620300018493
حسن یزدانی نه؛ دیوید تیلور می‌خواهد با کامران قاسم‌پور مسابقه دهد,فرارو,اخبار-ورزشی,2024-09-13 10:03:08.693761,https://www.shahrekhabar.com/news/17262027009090
بازگشت جادوگر رسمی شد؛ ثبت‌نام تیلور در 92 کیلوگرم,خبرگزاری تسنیم,اخبار-ورزشی,2024-09-13 10:03:08.693761,https://www.shahrekhabar.com/news/172620228068299
سمیعی نسبت به حواشی قوانین سقف بودجه واکنش نشان داد,مشرق نیوز,اخبار-ورزشی,2024-09-13 10:03:08.693761,https://www.shahrekhabar.com/news/172620192095326
دلیل غیبت قلعه‌نویی در مراسم ترحیم پدر خداداد عزیزی,افکار نیوز,اخبار-ورزشی,2024-09-13 10:03:08.693761,https://www.shahrekhabar.com/news/172620012099439
صحبت‌های جدید مورایس درباره حل مشکلات سقف بودجه,افکار نیوز,اخبار-ورزشی,2024-09-13 10:03:08.693761,https://www.shahrekhabar.com/news/172619856051054
کری خوانی بازیگر زن ایرانی برای امارتی ها +عکس,افکار نیوز,اخبار-ورزشی,2024-09-13 10:03:08.693761,https://www.shahrekhabar.com/news/172619652014694
عکس | قطعی شدن جدایی یک پرسپولیسی,افکار نیوز,اخبار-ورزشی,2024-09-13 10:03:08.693761,https://www.shahrekhabar.com/news/172619472081394
مذاکره رسمی استقلال با گزینه اصلی نکونام,افکار نیوز,اخبار-ورزشی,2024-09-13 10:03:08.693761,https://www.shahrekhabar.com/news/172619292007073
کنایه سمیعی به درویش,افکار نیوز,اخبار-ورزشی,2024-09-13 10:03:08.693761,https://www.shahrekhabar.com/news/172619124010786
عکس | استوری جدید فرهاد مجیدی,افکار نیوز,اخبار-ورزشی,2024-09-13 10:03:08.693761,https://www.shahrekhabar.com/news/172618932002056
محمدی: حسن رنگرز اولین نفری بود که آزمون مربیگری داد,خبرگزاری تسنیم,اخبار-ورزشی,2024-09-13 10:03:08.693761,https://www.shahrekhabar.com/news/172617462048248
تایید شد ؛ مذاکره جدی استقلال با لژیونر ایرانی,همشهری آنلاین,اخبار-ورزشی,2024-09-13 10:03:08.693761,https://www.shahrekhabar.com/news/172617360043783
تلاش 3 تیم برای صدرنشینی در غیاب سرخابی‌ها,خبرگزاری تسنیم,اخبار-ورزشی,2024-09-13 10:03:08.693761,https://www.shahrekhabar.com/news/172617318026438
اعتراض کاپیتان به غیبت تماشاگران زن در بازی سپاهان +عکس,خبرورزشی,اخبار-ورزشی,2024-09-13 10:03:08.693761,https://www.shahrekhabar.com/news/172617240006455
فوری| دیوید تیلور به کشتی برگشت/ جادوگر آمریکایی رقیب کامران قاسمپور می‌شود,خبرورزشی,اخبار-ورزشی,2024-09-13 10:03:08.693761,https://www.shahrekhabar.com/news/172617162094466
برگزاری نشست خبری نایب رییس دوم فدراسیون فوتبال,افکار نیوز,اخبار-ورزشی,2024-09-13 10:03:08.693761,https://www.shahrekhabar.com/news/172617132004174
وینگر پرسپولیس به چادرملو پیوست,خبرورزشی,اخبار-ورزشی,2024-09-13 10:03:08.693761,https://www.shahrekhabar.com/news/172617018096781
ویدیو| قهرمان جنجالی پرورش اندام ازدواج کرد؛ تیم ملی اصلی من همسرم است/ شما هم با دوست دخترتان ازدواج کنید!,خبرورزشی,اخبار-ورزشی,2024-09-13 10:03:08.693761,https://www.shahrekhabar.com/news/17261700000497
تکلیف کریم انصاری‌فرد مشخص شد,افکار نیوز,اخبار-ورزشی,2024-09-13 10:03:08.693761,https://www.shahrekhabar.com/news/172616940017478
برانکو زیر فشار شدید چینی‌ها/ به این سرمربی کروات امیدی نیست!,خبرورزشی,اخبار-ورزشی,2024-09-13 10:03:08.693761,https://www.shahrekhabar.com/news/172616916094088
جشن تولد چند هزار نفری بازیکن شهداب با چاشنی صعود به نیمه‌نهایی +فیلم,خبرورزشی,اخبار-ورزشی,2024-09-13 10:03:08.693761,https://www.shahrekhabar.com/news/172616820097974
اولین پست اینستاگرامی ژوائو درباره پرسپولیس,همشهری آنلاین,اخبار-ورزشی,2024-09-13 10:03:08.693761,https://www.shahrekhabar.com/news/172616796019575
پایان ماجرای بدنساز جنجالی با ازدواج/ رضا حجار مدال را به همسرش تقدیم کرد!,خبرورزشی,اخبار-ورزشی,2024-09-13 10:03:08.693761,https://www.shahrekhabar.com/news/172616778094476
جدایی یک بازیکن دیگر از فولاد خوزستان,افکار نیوز,اخبار-ورزشی,2024-09-13 10:03:08.693761,https://www.shahrekhabar.com/news/172616772015949
افزایش سقف بودجه قانونی بود/ برخی به دنبال تضعیف فوتبال ملی هستند,مشرق نیوز,اخبار-ورزشی,2024-09-13 10:03:08.693761,https://www.shahrekhabar.com/news/172616766092832
دفاع مدیرعامل استقلال از قانون جدید سقف بودجه/ سمیعی پشت فدراسیون فوتبال درآمد!,خبرورزشی,اخبار-ورزشی,2024-09-13 10:03:08.693761,https://www.shahrekhabar.com/news/172616700099960
پیام تسلیت فرهاد مجیدی به کریم باقری و خداداد عزیزی,خبرورزشی,اخبار-ورزشی,2024-09-13 10:03:08.693761,https://www.shahrekhabar.com/news/172616652015835
کیت پرسپولیس در آسیا ممنوع شد!,افکار نیوز,اخبار-ورزشی,2024-09-13 10:03:08.693761,https://www.shahrekhabar.com/news/172616592003657
برنامه ملی پوشان پرسپولیس برای بازی با الاهلی!,خبرورزشی,اخبار-ورزشی,2024-09-13 10:03:08.693761,https://www.shahrekhabar.com/news/172616532097534
تمرین پرسپولیس آزاد شد!,خبرورزشی,اخبار-ورزشی,2024-09-13 10:03:08.693761,https://www.shahrekhabar.com/news/172616502009924
ردپای قلعه‌نویی در اخراج یک سرمربی,افکار نیوز,اخبار-ورزشی,2024-09-13 10:03:08.693761,https://www.shahrekhabar.com/news/172616412091913
بوژوویچ: پیروزی مقابل استقلال حس خوبی بود/ در حال ساخت یک تیم جدید هستیم,خبرورزشی,اخبار-ورزشی,2024-09-13 10:03:08.693761,https://www.shahrekhabar.com/news/172616406091335
دیدار 2 ستاره فوتسال برزیل با همبازیان سابق ایرانی,خبرگزاری تسنیم,اخبار-ورزشی,2024-09-13 10:03:08.693761,https://www.shahrekhabar.com/news/172616340084577
دقیقی: شمس آذر ۵۰۰ میلیارد ریال بازیکن فروخته/ ما به معنای واقعی یک تیم خصوصی هستیم,خبرورزشی,اخبار-ورزشی,2024-09-13 10:03:08.693761,https://www.shahrekhabar.com/news/172616262095672
آرزوی علیرضا دبیر برای علی کریمی,افکار نیوز,اخبار-ورزشی,2024-09-13 10:03:08.693761,https://www.shahrekhabar.com/news/172616226009697
مورایس: بازیکنان جدید نیاز به زمان دارند/ ملی‌پوش‌ها خسته هستند,خبرورزشی,اخبار-ورزشی,2024-09-13 10:03:08.693761,https://www.shahrekhabar.com/news/172616220095856
تیم شهداب به نیمه‌نهایی آسیا رسید,خبرورزشی,اخبار-ورزشی,2024-09-13 10:03:08.693761,https://www.shahrekhabar.com/news/172616100094596
نیمار در فهرست رسمی الهلال قرار گرفت,مشرق نیوز,اخبار-ورزشی,2024-09-13 10:03:08.693761,https://www.shahrekhabar.com/news/172615968084484
ارونوف سهمیه زیر ۲۵ سال پرسپولیس محاسبه شد,مشرق نیوز,اخبار-ورزشی,2024-09-13 10:03:08.693761,https://www.shahrekhabar.com/news/172615884095958
ویدیو| اکبر مالکی: به ما می‌گفتند ژیگول‌ها تهران/ دولت فوتبال را استثمار کرده,خبرورزشی,اخبار-ورزشی,2024-09-13 10:03:08.693761,https://www.shahrekhabar.com/news/172615872094076
چرا امیر قلعه‌نویی به مراسم ختم پدر خداداد عزیزی نرفت؟,فرارو,اخبار-ورزشی,2024-09-13 10:03:08.693761,https://www.shahrekhabar.com/news/172615860031696
دلیل غیب قلعه نویی در مراسم ختم پدر خداداد عزیزی مشخص شد,خبرورزشی,اخبار-ورزشی,2024-09-13 10:03:08.693761,https://www.shahrekhabar.com/news/172615848095060
بازگشت کریم باقری از آمریکا برای حضور در مراسم سوگواری,فرارو,اخبار-ورزشی,2024-09-13 10:03:08.693761,https://www.shahrekhabar.com/news/172615830020928
یک سهمیه خارجی فصل بعد استقلال سوخت!,خبرورزشی,اخبار-ورزشی,2024-09-13 10:03:08.693761,https://www.shahrekhabar.com/news/172615824001349
یک سهمیه خارجی فصل بعد استقلال سوخت؟,مشرق نیوز,اخبار-ورزشی,2024-09-13 10:03:08.693761,https://www.shahrekhabar.com/news/172615788093663
واکاوی اظهارات تند رضا درویش/ چه کسی هفته‌ها پیش مخالف افزایش سقف بودجه بود؟,خبرورزشی,اخبار-ورزشی,2024-09-13 10:03:08.693761,https://www.shahrekhabar.com/news/172615746094965
حکم تجدید نظر ملی پوش والیبال اعلام شد,مشرق نیوز,اخبار-ورزشی,2024-09-13 10:03:08.693761,https://www.shahrekhabar.com/news/172615728080178
اروین انگاپت: مسابقات تازه شروع شده و سخت‌تر خواهد بود,خبرگزاری تسنیم,اخبار-ورزشی,2024-09-13 10:03:08.693761,https://www.shahrekhabar.com/news/172615680061863
نصیرزاده به درویش پیوست؛ فدراسیون فوتبال به ۱۲ تیم ظلم کرد!/ ائتلاف فولاد و پرسپولیس علیه استقلال، سپاهان و تراکتور,خبرورزشی,اخبار-ورزشی,2024-09-13 10:03:08.693761,https://www.shahrekhabar.com/news/172615680001250
تراکتور - ذوب آهن؛ اسکوچیچ انتقام خمس را از ربیعی می گیرد؟,خبرورزشی,اخبار-ورزشی,2024-09-13 10:03:08.693761,https://www.shahrekhabar.com/news/172615680095119
لوکاس ژائو نیامده در پرسپولیس لشکر کشی کرد +عکس,خبرورزشی,اخبار-ورزشی,2024-09-13 10:03:08.693761,https://www.shahrekhabar.com/news/17261566209508
واکنش طعنه‌آمیز خداداد عزیزی به غیب قلعه‌نویی در مراسم ختم پدرش,خبرورزشی,اخبار-ورزشی,2024-09-13 10:03:08.693761,https://www.shahrekhabar.com/news/172615608093876
حکم تجدید نظر صابر کاظمی اعلام شد,خبرگزاری تسنیم,اخبار-ورزشی,2024-09-13 10:03:08.693761,https://www.shahrekhabar.com/news/172615596066047
والیبال باشگاه‌های آسیا| شهداب به نیمه‌نهایی رسید,خبرگزاری تسنیم,اخبار-ورزشی,2024-09-13 10:03:08.693761,https://www.shahrekhabar.com/news/172615596060056
پرسپولیس با توپ‌های جدید لیگ نخبگان آسیا تمرین کرد +عکس,خبرورزشی,اخبار-ورزشی,2024-09-13 10:03:08.693761,https://www.shahrekhabar.com/news/172615590093925
علیرضا دبیر: علی کریمی به ایران برگردد کسی با او کاری ندارد,فرارو,اخبار-ورزشی,2024-09-13 10:03:08.693761,https://www.shahrekhabar.com/news/172615590091257
ویدیو| استقبال باشکوه مردم اردبیل از علی دایی / فیلم اختصاصی خبرورزشی از اردبیل,خبرورزشی,اخبار-ورزشی,2024-09-13 10:03:08.693761,https://www.shahrekhabar.com/news/172615506090836
۳ گزینه نهایی سرمربیگری تیم ملی انگلیس,فرارو,اخبار-ورزشی,2024-09-13 10:03:08.693761,https://www.shahrekhabar.com/news/172615470090944
سپاهان - ملوان؛ خاطرات تلخ ژوزه...,خبرورزشی,اخبار-ورزشی,2024-09-13 10:03:08.693761,https://www.shahrekhabar.com/news/172615422091094
شمس آذر - استقلال خوزستان؛ قاتل نکونام در قزوین!,خبرورزشی,اخبار-ورزشی,2024-09-13 10:03:08.693761,https://www.shahrekhabar.com/news/172615410000235
خبر بد برای پرسپولیس در لیگ نخبگان,افکار نیوز,اخبار-ورزشی,2024-09-13 10:03:08.693761,https://www.shahrekhabar.com/news/17261538609376
اتفاق جدید درباره پرونده اوستون اورونوف,فرارو,اخبار-ورزشی,2024-09-13 10:03:08.693761,https://www.shahrekhabar.com/news/172615380099619
تصمیم مهم انصاری‌فرد برای بازگشت به ایران و پیشنهاد استقلال,خبرورزشی,اخبار-ورزشی,2024-09-13 10:03:08.693761,https://www.shahrekhabar.com/news/172615350090598
بازگشت ملی‌پوش جنجالی به تیم ملی بعد از اهدای مدال به دوست دخترش,فرارو,اخبار-ورزشی,2024-09-13 10:03:08.693761,https://www.shahrekhabar.com/news/172615350086880
ارونوف سهمیه زیر 25 سال پرسپولیس محاسبه شد,خبرگزاری تسنیم,اخبار-ورزشی,2024-09-13 10:03:08.693761,https://www.shahrekhabar.com/news/172615344031637
دستمزد باورنکردنی تام کروز در اختتامیه المپیک/ ستاره هالیوود به یک شرط این کار را انجام داد,خبرورزشی,اخبار-ورزشی,2024-09-13 10:03:08.693761,https://www.shahrekhabar.com/news/172615332094614
شوک جدید به پرسپولیس در آستانه بازی با رقیب گردن کلفت عربستانی,فرارو,اخبار-ورزشی,2024-09-13 10:03:08.693761,https://www.shahrekhabar.com/news/172615320009010
ادعای جنجالی اماراتی‌ها درباره ایران,افکار نیوز,اخبار-ورزشی,2024-09-13 10:03:08.693761,https://www.shahrekhabar.com/news/172615296085113
علی دایی به احترام مربی‌اش در مراسم پدر خداداد عزیزی شرکت نکرد! +عکس,خبرورزشی,اخبار-ورزشی,2024-09-13 10:03:08.693761,https://www.shahrekhabar.com/news/172615290085618
این خبر پرسپولیس را حسابی خوشحال می‌کند,فرارو,اخبار-ورزشی,2024-09-13 10:03:08.693761,https://www.shahrekhabar.com/news/172615290096692
تکلیف پورعلی‌گنجی برای بازی الاهلی مشخص شد,خبرورزشی,اخبار-ورزشی,2024-09-13 10:03:08.693761,https://www.shahrekhabar.com/news/172615164095214
درباره اورونوف حق با پرسپولیس بود/۵۰۰هزار دلار اضافه شد نه بیشتر!,مشرق نیوز,اخبار-ورزشی,2024-09-13 10:03:08.693761,https://www.shahrekhabar.com/news/172615164074084
افزایش قابل‌توجه سقف دستمزد بارسلونا/ رئال در صدر,خبرگزاری تسنیم,اخبار-ورزشی,2024-09-13 10:03:08.693761,https://www.shahrekhabar.com/news/17261514601261
افشاگری مهدی پاشازاده از اتفاق جنجالی در استقلال,صد آنلاین,اخبار-ورزشی,2024-09-13 10:03:08.693761,https://www.shahrekhabar.com/news/172615140020835
اسکوچیچ: هیچ وقت از تراکتور بازی بزدلانه نخواهید دید!,افکار نیوز,اخبار-ورزشی,2024-09-13 10:03:08.693761,https://www.shahrekhabar.com/news/172615140005697
داستان جدید علیرضا بیرانوند با ورود مجریان تلویزیون؛ تراکتور شاکی است,فرارو,اخبار-ورزشی,2024-09-13 10:03:08.693761,https://www.shahrekhabar.com/news/172615110096963
ویدیو| تشکر خدادادعزیزی بابت پیام‌های تسلیت,خبرورزشی,اخبار-ورزشی,2024-09-13 10:03:08.693761,https://www.shahrekhabar.com/news/172615104009410
فولاد با گادوین منشا فسخ کرد,خبرورزشی,اخبار-ورزشی,2024-09-13 10:03:08.693761,https://www.shahrekhabar.com/news/172615098095760
نقشه خطرناک تیم عربستانی برای پرسپولیس,فرارو,اخبار-ورزشی,2024-09-13 10:03:08.693761,https://www.shahrekhabar.com/news/172615080068574
حق سکوت سازمان لیگ به پرسپولیس/ اعتراض تند درویش جواب داد,خبرورزشی,اخبار-ورزشی,2024-09-13 10:03:08.693761,https://www.shahrekhabar.com/news/172615056098379
بهترین گلزن استقلال مقابل الغرافه را بشناسید,صد آنلاین,اخبار-ورزشی,2024-09-13 10:03:08.693761,https://www.shahrekhabar.com/news/172615050021847
رد پیشنهاد بازی در لیگ پرتغال و برزیل به خاطر پیوستن به پرسپولیس,فرارو,اخبار-ورزشی,2024-09-13 10:03:08.693761,https://www.shahrekhabar.com/news/172615050032177
هشدار جدی؛ دشمنی با پرسپولیس آغاز شده است,فرارو,اخبار-ورزشی,2024-09-13 10:03:08.693761,https://www.shahrekhabar.com/news/172615020065848
واکنش لوکاس ژوائو به انتخاب پرسپولیس,صد آنلاین,اخبار-ورزشی,2024-09-13 10:03:08.693761,https://www.shahrekhabar.com/news/17261499001813
جدال شبانه حریفان استقلال و پرسپولیس,خبرورزشی,اخبار-ورزشی,2024-09-13 10:03:08.693761,https://www.shahrekhabar.com/news/172614960095698
کریم باقری از آمریکا به ایران برگشت,خبرورزشی,اخبار-ورزشی,2024-09-13 10:03:08.693761,https://www.shahrekhabar.com/news/172614942094921
شکایت تراکتور در پرونده بیرانوند,افکار نیوز,اخبار-ورزشی,2024-09-13 10:03:08.693761,https://www.shahrekhabar.com/news/172614936003760
قنبرزاده: اگر باشگاهی تیم بانوان نداشته باشد، مجوز حرفه‌ای نمی‌گیرد/ کارشناسان توصیه کردند سخت‌گیری نکنیم,خبرورزشی,اخبار-ورزشی,2024-09-13 10:03:08.693761,https://www.shahrekhabar.com/news/172614864090078
قرارداد پنجمین بازیکن خارجی فولاد هم فسخ شد,خبرگزاری تسنیم,اخبار-ورزشی,2024-09-13 10:03:08.693761,https://www.shahrekhabar.com/news/172614840022647
بازی اسیایی استقلال و پرسپولیس از کدام کانال پخش می‌شود؟,صد آنلاین,اخبار-ورزشی,2024-09-13 10:03:08.693761,https://www.shahrekhabar.com/news/172614810029875
برخورد گرم نکونام و پروین در یک مراسم+تصاویر,افکار نیوز,اخبار-ورزشی,2024-09-13 10:03:08.693761,https://www.shahrekhabar.com/news/172614786005731
هشدار AFCبه پرسپوليس برای حذف تخت جمشید,فرارو,اخبار-ورزشی,2024-09-13 10:03:08.693761,https://www.shahrekhabar.com/news/172614750086443
حریف استقلال زیر نظر چشم‌های مخفی نکونام/ آخرین بازی الغرافه قبل از پرواز به تهران,خبرورزشی,اخبار-ورزشی,2024-09-13 10:03:08.693761,https://www.shahrekhabar.com/news/172614744094499
از استقلال انتظار بیشتری داشتم/ ایرانی‌ها مثل مردم ما تنبل هستند/ کاسترو را برای مقاومتش برابر آمریکا دوست دارم/ مردم مونته‌نگرو ایده‌ای از گرمای اهواز ندارند!,خبرورزشی,اخبار-ورزشی,2024-09-13 10:03:08.693761,https://www.shahrekhabar.com/news/172614744088412
هشدار فوری AFC به پرسپولیس درباره تخت‌ جمشید,همشهری آنلاین,اخبار-ورزشی,2024-09-13 10:03:08.693761,https://www.shahrekhabar.com/news/172614744011729
دستمزد باورنکردنی تام کروز برای حضور در اختتامیه المپیک,خبرگزاری تسنیم,اخبار-ورزشی,2024-09-13 10:03:08.693761,https://www.shahrekhabar.com/news/172614738043930
لیست آسیایی استقلال چگونه است؟,صد آنلاین,اخبار-ورزشی,2024-09-13 10:03:08.693761,https://www.shahrekhabar.com/news/172614720087276
دیدار الشرطه - النصر در بغداد برگزار می‌شود,خبرگزاری تسنیم,اخبار-ورزشی,2024-09-13 10:03:08.693761,https://www.shahrekhabar.com/news/172614696011911
آرتتا پس از تمدید قرارداد: به بودن در آرسنال افتخار می‌کنم,خبرگزاری تسنیم,اخبار-ورزشی,2024-09-13 10:03:08.693761,https://www.shahrekhabar.com/news/17261466601216
هشدار کنفدراسیون فوتبال آسیا به باشگاه پرسپولیس,صد آنلاین,اخبار-ورزشی,2024-09-13 10:03:08.693761,https://www.shahrekhabar.com/news/172614660014729
پیام مهم السنوار به سیدحسن نصرالله,همشهری آنلاین,اخبار-سیاسی,2024-09-13 10:03:08.693761,https://www.shahrekhabar.com/news/172620876070492
المقداد: دمشق به خوبی از اهتمام مصر به وحدت و ثبات سوریه آگاه است,نامه نیوز,اخبار-سیاسی,2024-09-13 10:03:08.693761,https://www.shahrekhabar.com/news/172620852011633
پیام‌ رئیس حماس به دبیر کل حزب الله لبنان,نامه نیوز,اخبار-سیاسی,2024-09-13 10:03:08.693761,https://www.shahrekhabar.com/news/172620852005697
تخت‌روانچی: مرزهای بین‌المللی تعرض‌ناپذیر است,مشرق نیوز,اخبار-سیاسی,2024-09-13 10:03:08.693761,https://www.shahrekhabar.com/news/172620846071291
ترامپ: مناظره دیگری وجود نخواهد داشت/ هریس: به رای‌دهنگان یک مناظره دیگر بدهکاریم!,اکوایران,اخبار-سیاسی,2024-09-13 10:03:08.693761,https://www.shahrekhabar.com/news/172620846059390
مسعود پزشکیان حرم امام حسین(ع) و ابوالفضل‌العباس(ع) را زیارت کرد,همشهری آنلاین,اخبار-سیاسی,2024-09-13 10:03:08.693761,https://www.shahrekhabar.com/news/172620828060867
انتشار تصاویر تاسیات هسته‌ای کره شمالی برای اولین بار,دنیای اقتصاد,اخبار-سیاسی,2024-09-13 10:03:08.693761,https://www.shahrekhabar.com/news/172620816094352
سخنگوی وزارت خارجه حمله تروریستی به زائران کربلا در افغانستان را محکوم کرد,مشرق نیوز,اخبار-سیاسی,2024-09-13 10:03:08.693761,https://www.shahrekhabar.com/news/172620792082130
کره شمالی اولین تصاویر از تاسیسات هسته‌ای خود را منتشر کرد,اقتصاد نیوز,اخبار-سیاسی,2024-09-13 10:03:08.693761,https://www.shahrekhabar.com/news/172620744063233
حملات وحشیانه صهیونیست‌ها به غزه,اقتصاد نیوز,اخبار-سیاسی,2024-09-13 10:03:08.693761,https://www.shahrekhabar.com/news/172620732023967
تجدید عهد نیروهای مسلح با امام زمان(عج) در مسجد جمکران + فیلم,همشهری آنلاین,اخبار-سیاسی,2024-09-13 10:03:08.693761,https://www.shahrekhabar.com/news/172620732067582
حملات وحشیانه اسرائیل به غزه,دنیای اقتصاد,اخبار-سیاسی,2024-09-13 10:03:08.693761,https://www.shahrekhabar.com/news/172620636018919
واکنش ایران به حمله تروریستی اخیر,نامه نیوز,اخبار-سیاسی,2024-09-13 10:03:08.693761,https://www.shahrekhabar.com/news/172620630098311
در عملیات حزب‌الله ؛ ۲۲ اسرائیلی کشته و ۷۴ نفر دیگر زخمی شدند,همشهری آنلاین,اخبار-سیاسی,2024-09-13 10:03:08.693761,https://www.shahrekhabar.com/news/172620624067242
سیاست یک بام و دو هوای کرملین,دنیای اقتصاد,اخبار-سیاسی,2024-09-13 10:03:08.693761,https://www.shahrekhabar.com/news/172620600074598
حمایت مجلس از مواضع اخیر رئیس‌جمهور درباره فضای مجازی,همشهری آنلاین,اخبار-سیاسی,2024-09-13 10:03:08.693761,https://www.shahrekhabar.com/news/172620540090737
مناظره دومی در کار نیست؟,نامه نیوز,اخبار-سیاسی,2024-09-13 10:03:08.693761,https://www.shahrekhabar.com/news/172620492096160
برای سفر به بریتانیا ویزای دیجیتال کافی است,نامه نیوز,اخبار-سیاسی,2024-09-13 10:03:08.693761,https://www.shahrekhabar.com/news/172620474086685
خط و نشان جدی مدودف برای اوکراین؛ 25 سال بعد را نمی‌بینند,نامه نیوز,اخبار-سیاسی,2024-09-13 10:03:08.693761,https://www.shahrekhabar.com/news/17262045009425
تحریم‌های جدید آمریکایی علیه برنامه موشکی,نامه نیوز,اخبار-سیاسی,2024-09-13 10:03:08.693761,https://www.shahrekhabar.com/news/172620450088299
تاکتیک تطمیع اسرائیل؛ مخالفت سنوار با امان‌نامه نتانیاهو,اکوایران,اخبار-سیاسی,2024-09-13 10:03:08.693761,https://www.shahrekhabar.com/news/172620444025554
موشک باران حزب‌الله در فلسطین اشغالی,نامه نیوز,اخبار-سیاسی,2024-09-13 10:03:08.693761,https://www.shahrekhabar.com/news/17262041408094
حمله گسترده راکتی حزب الله به پایگاه مهم اسرائیل,دنیای اقتصاد,اخبار-سیاسی,2024-09-13 10:03:08.693761,https://www.shahrekhabar.com/news/172620372044263
یک پایگاه پدافندی اسرائیل موشک‌باران شد,همشهری آنلاین,اخبار-سیاسی,2024-09-13 10:03:08.693761,https://www.shahrekhabar.com/news/172620372070021
اولین تصاویر از تأسیسات هسته‌ای کره شمالی | واکنش کیم جونگ اون پس از بازدید از این مرکز,همشهری آنلاین,اخبار-سیاسی,2024-09-13 10:03:08.693761,https://www.shahrekhabar.com/news/172620360078039
گلایه بدون تعارف منتجب نیا از پزشکیان و عارف /بزرگان اجازه ندهند یک بلبشو در دولت ایجاد شود,خبرآنلاین,اخبار-سیاسی,2024-09-13 10:03:08.693761,https://www.shahrekhabar.com/news/172620348057345
حمله راکتی سنگین حزب‌الله به پدافند هوایی اسرائیل,اقتصاد نیوز,اخبار-سیاسی,2024-09-13 10:03:08.693761,https://www.shahrekhabar.com/news/172620318015048
واکنش جنجالی مدودف به وعده انگلیس به اوکراین/ کی‌یف 25 سال آینده را نخواهد دید,اقتصاد نیوز,اخبار-سیاسی,2024-09-13 10:03:08.693761,https://www.shahrekhabar.com/news/17262031202260
مدودف: اوکراین ۲۵ سال آینده را نخواهد دید,دنیای اقتصاد,اخبار-سیاسی,2024-09-13 10:03:08.693761,https://www.shahrekhabar.com/news/172620300083320
از داماد روحانی تا داماد پزشکیان!,نامه نیوز,اخبار-سیاسی,2024-09-13 10:03:08.693761,https://www.shahrekhabar.com/news/172620288088593
شمار اهل سنت در کابینه به 3 می‌رسد؟,نامه نیوز,اخبار-سیاسی,2024-09-13 10:03:08.693761,https://www.shahrekhabar.com/news/172620270086544
شهادت یک سرباز در حمله تروریستی گروه جیش‌الظلم + عکس,همشهری آنلاین,اخبار-سیاسی,2024-09-13 10:03:08.693761,https://www.shahrekhabar.com/news/172620264051975
یحیی سنوار به ایران آمد؟,همشهری آنلاین,اخبار-سیاسی,2024-09-13 10:03:08.693761,https://www.shahrekhabar.com/news/172620228066750
واکنش به ادعای اسارت مستشاران ایرانی در حمله اسرائیل به مصیاف سوریه,همشهری آنلاین,اخبار-سیاسی,2024-09-13 10:03:08.693761,https://www.shahrekhabar.com/news/17262021607124
رئیس جدید کنفرانس امنیتی مونیخ کیست؟,نامه نیوز,اخبار-سیاسی,2024-09-13 10:03:08.693761,https://www.shahrekhabar.com/news/172620090083264
برگشت ناو هواپیمابر «تئودور روزولت» از خاورمیانه,نامه نیوز,اخبار-سیاسی,2024-09-13 10:03:08.693761,https://www.shahrekhabar.com/news/172620090077276
جزئیات جدید از حمله تروریستی میرجاوه,نامه نیوز,اخبار-سیاسی,2024-09-13 10:03:08.693761,https://www.shahrekhabar.com/news/172620090071220
شورش و پوست اندازی پناهیان /ورق برگشت؛ چرخشِ منبری محبوب پایداری ها یا چرخش روزگار؟,خبرآنلاین,اخبار-سیاسی,2024-09-13 10:03:08.693761,https://www.shahrekhabar.com/news/172619964055766
معنای واقعی تغییر سیاست هسته‌ای روسیه؛ حد تحمل مسکو برای حمله اتمی پایین آمده است؟,اکوایران,اخبار-سیاسی,2024-09-13 10:03:08.693761,https://www.shahrekhabar.com/news/172619880032825
عصبانیت وطن‌فروشان از سفر پزشکیان به عراق!,نامه نیوز,اخبار-سیاسی,2024-09-13 10:03:08.693761,https://www.shahrekhabar.com/news/172619730076065
فوری/ یک گروهک تروریستی مسئولیت حادثه میرجاوه را بر عهده گرفت,اقتصاد نیوز,اخبار-سیاسی,2024-09-13 10:03:08.693761,https://www.shahrekhabar.com/news/172617300092295
ادعای رسانه‌های اسرائیلی درباره اسارت سرباز یا شخصیت ایرانی تکذیب شد,اقتصاد نیوز,اخبار-سیاسی,2024-09-13 10:03:08.693761,https://www.shahrekhabar.com/news/172617300086265
این مقام عراقی در کربلا به استقبال پزشکیان رفت +عکس,خبرآنلاین,اخبار-سیاسی,2024-09-13 10:03:08.693761,https://www.shahrekhabar.com/news/172617288042156
معنای خاورمیانه روسی/ رویارویی ایران و اسرائیل؛ فرصت‌سازی مسکو از تصاعد بحران در منطقه,اقتصاد نیوز,اخبار-سیاسی,2024-09-13 10:03:08.693761,https://www.shahrekhabar.com/news/172617216004895
پزشکیان: اقلیم کردستان عراق اهمیت ویژه‌ای برای ایران دارد,خبرگزاری تسنیم,اخبار-سیاسی,2024-09-13 10:03:08.693761,https://www.shahrekhabar.com/news/17261721606562
پزشکیان به زیارت حرم امام حسین(ع) و حضرت عباس(ع) رفت,خبرگزاری تسنیم,اخبار-سیاسی,2024-09-13 10:03:08.693761,https://www.shahrekhabar.com/news/172617192091315
تصاویری از حال و هوای معنوی پزشکیان در حرم امام علی /ازدحام جمعیت در زمان ورود رئیس جمهور,خبرآنلاین,اخبار-سیاسی,2024-09-13 10:03:08.693761,https://www.shahrekhabar.com/news/172617186045172
گوترش خواستار استقرار فوری آتش بس در غزه و تبادل اسرا شد,دنیای اقتصاد,اخبار-سیاسی,2024-09-13 10:03:08.693761,https://www.shahrekhabar.com/news/172617180099286
گوترش مجددا خواستار پایان جنگ خونین غزه شد,اقتصاد نیوز,اخبار-سیاسی,2024-09-13 10:03:08.693761,https://www.shahrekhabar.com/news/172617126066961
هشدار جدی پوتین به ناتو درباره استفاده از موشک‌های دوربرد در جنگ اوکراین,دنیای اقتصاد,اخبار-سیاسی,2024-09-13 10:03:08.693761,https://www.shahrekhabar.com/news/172617096096771
یکی از بستگان دور آیت الله در هواپیمای ربوده شده آمریکایی در ۱۱ سپتامبر مُرده بود /از آمریکا خواسته اند در انتقام عجله نکند /بازخوانی خاطرات هاشمی,خبرآنلاین,اخبار-سیاسی,2024-09-13 10:03:08.693761,https://www.shahrekhabar.com/news/172617072053361
خط‌ونشان پوتین درباره استفاده از تسلیحات دوربرد توسط اوکراین,اقتصاد نیوز,اخبار-سیاسی,2024-09-13 10:03:08.693761,https://www.shahrekhabar.com/news/172617066064439
همه‌چیز در مورد سری مولیانی، بهترین وزیر دارایی جهان,دنیای اقتصاد,اخبار-سیاسی,2024-09-13 10:03:08.693761,https://www.shahrekhabar.com/news/172617030086389
پزشکیان با رئیس اتحادیه میهنی کردستان عراق دیدار کرد,دنیای اقتصاد,اخبار-سیاسی,2024-09-13 10:03:08.693761,https://www.shahrekhabar.com/news/172617012021119
دیدار پزشکیان با رئیس و اعضای اتحادیه میهنی کردستان عراق,اقتصاد نیوز,اخبار-سیاسی,2024-09-13 10:03:08.693761,https://www.shahrekhabar.com/news/172617000029882
پزشکیان: اقلیم کردستان عراق اهمیت ویژه‌ای برای ایران دارد/ بافل طالبانی: سفر جنابعالی تاثیری باورنکردنی در ارتقای روابط فیمابین خواهد داشت,مشرق نیوز,اخبار-سیاسی,2024-09-13 10:03:08.693761,https://www.shahrekhabar.com/news/172616970048843
اولین ویدئو از حمله تروریستی به نیروهای فراجا در میرجاوه,همشهری آنلاین,اخبار-سیاسی,2024-09-13 10:03:08.693761,https://www.shahrekhabar.com/news/172616892046592
ورود مسعود پزشکیان به کربلا با استقبال استاندار,دنیای اقتصاد,اخبار-سیاسی,2024-09-13 10:03:08.693761,https://www.shahrekhabar.com/news/172616892024299
پزشکیان وارد کربلا شد,اقتصاد نیوز,اخبار-سیاسی,2024-09-13 10:03:08.693761,https://www.shahrekhabar.com/news/172616886026479
جزئیات حمله تروریستی به ماموران فراجا در میرجاوه + اسامی شهدا,همشهری آنلاین,اخبار-سیاسی,2024-09-13 10:03:08.693761,https://www.shahrekhabar.com/news/172616868057622
پیام نامه جنجالی فائزه هاشمی از زندان از نگاه عبدالله رمضان زاده,خبرآنلاین,اخبار-سیاسی,2024-09-13 10:03:08.693761,https://www.shahrekhabar.com/news/17261683204666
تکرار ادعاهای آمریکا و تروئیکای اروپا درباره برنامه هسته‌ای ایران,اقتصاد نیوز,اخبار-سیاسی,2024-09-13 10:03:08.693761,https://www.shahrekhabar.com/news/172616826018931
ادعاهای 4 کشور در نشست فصلی شورای حکام درباره برنامه هسته‌ای ایران,دنیای اقتصاد,اخبار-سیاسی,2024-09-13 10:03:08.693761,https://www.shahrekhabar.com/news/172616826062864
فوری | حمله تروریستی به مرزبانان فراجا در سیستان و بلوچستان + جزییات,همشهری آنلاین,اخبار-سیاسی,2024-09-13 10:03:08.693761,https://www.shahrekhabar.com/news/172616820055864
اولین تصاویر از استقبال مردم از پزشکیان در حرم حضرت علی(ع),همشهری آنلاین,اخبار-سیاسی,2024-09-13 10:03:08.693761,https://www.shahrekhabar.com/news/172616748055917
حمله گروه هکر روسی به یکی از پیمانکاران بزرگ دفاعی و نظامی آمریکا,دنیای اقتصاد,اخبار-سیاسی,2024-09-13 10:03:08.693761,https://www.shahrekhabar.com/news/172616730040748
یکی از پیمانکاران بزرگ دفاعی و نظامی آمریکا هک شد,اقتصاد نیوز,اخبار-سیاسی,2024-09-13 10:03:08.693761,https://www.shahrekhabar.com/news/172616706044831
پزشکیان دقایقی پیش با استقبال استاندار، وارد کربلا شد,مشرق نیوز,اخبار-سیاسی,2024-09-13 10:03:08.693761,https://www.shahrekhabar.com/news/172616676077266
تلفات سنگین حمله اخیر حزب‌الله لبنان به پایگاه جاسوسی اسرائیل,اقتصاد نیوز,اخبار-سیاسی,2024-09-13 10:03:08.693761,https://www.shahrekhabar.com/news/172616646023621
رئیس ستاد ارتش اسرائیل در آستانه استعفا قرار دارد,دنیای اقتصاد,اخبار-سیاسی,2024-09-13 10:03:08.693761,https://www.shahrekhabar.com/news/172616640051263
حمله حزب‌الله به پایگاه جاسوسی اسرائیل ۱۰۰ کشته و زخمی برجای گذاشت,دنیای اقتصاد,اخبار-سیاسی,2024-09-13 10:03:08.693761,https://www.shahrekhabar.com/news/172616640045253
تداوم دومینوی استعفاها در اسرائیل/ نوبت به رئیس ستاد مشترک ارتش رسید,اقتصاد نیوز,اخبار-سیاسی,2024-09-13 10:03:08.693761,https://www.shahrekhabar.com/news/172616586047015
مسعود پزشکیان: به منظور توسعه روابط بین‌المللی به عراق آمده‌ایم,دنیای اقتصاد,اخبار-سیاسی,2024-09-13 10:03:08.693761,https://www.shahrekhabar.com/news/172616556035797
دومینوی استعفا به رئیس ستاد مشترک ارتش صهیونیستی رسید,خبرآنلاین,اخبار-سیاسی,2024-09-13 10:03:08.693761,https://www.shahrekhabar.com/news/172616544038733
پزشکیان هدفش از رفتن به عراق را اعلام کرد,اقتصاد نیوز,اخبار-سیاسی,2024-09-13 10:03:08.693761,https://www.shahrekhabar.com/news/172616526067758
واردشدن شوک به جنتی /چرا آیت الله هاشمی به آمریکا، ژاپن و فرانسه سفر کرد؟,خبرآنلاین,اخبار-سیاسی,2024-09-13 10:03:08.693761,https://www.shahrekhabar.com/news/172616520048071
هریس مجددا از ترامپ پیشی گرفت,اقتصاد نیوز,اخبار-سیاسی,2024-09-13 10:03:08.693761,https://www.shahrekhabar.com/news/172616466027651
تکرار اتهامات واهی تروئیکای اروپایی و آمریکا علیه ایران,خبرآنلاین,اخبار-سیاسی,2024-09-13 10:03:08.693761,https://www.shahrekhabar.com/news/172616448043522
هدیه مسعود بارزانی به پزشکیان,خبرآنلاین,اخبار-سیاسی,2024-09-13 10:03:08.693761,https://www.shahrekhabar.com/news/172616394042044
شهادت 3 لبنانی در پی حمله هوایی اسرائیل به یک شهرک,دنیای اقتصاد,اخبار-سیاسی,2024-09-13 10:03:08.693761,https://www.shahrekhabar.com/news/172616376075192
سهم بالای «سرمایه در گردش» از تسهیلات پرداختی بانک‌ها,اکوایران,اخبار-اقتصادی,2024-09-13 10:03:08.693761,https://www.shahrekhabar.com/news/172620876048588
فروش ویژه ۳ محصول مدیران خودرو از شنبه با قیمت کارخانه + قیمت,صد آنلاین,اخبار-اقتصادی,2024-09-13 10:03:08.693761,https://www.shahrekhabar.com/news/17262084003197
قیمت جهانی طلا امروز 1403/06/23,خبرگزاری تسنیم,اخبار-اقتصادی,2024-09-13 10:03:08.693761,https://www.shahrekhabar.com/news/172620834082820
این گروه 2 برابر بیشتر از مشاغل و اصناف مالیات می‌دهند,اقتصاد نیوز,اخبار-اقتصادی,2024-09-13 10:03:08.693761,https://www.shahrekhabar.com/news/172620828029275
قیمت خودرو امروز ۲۳ شهریور ۱۴۰۳ / بازار خودرو از رکود خارج می‌شود؟,اقتصاد ۱۰۰,اخبار-اقتصادی,2024-09-13 10:03:08.693761,https://www.shahrekhabar.com/news/172620816042424
آغاز ثبت نام خرید خودرو وارداتی در سامانه یکپارچه,اقتصاد ۱۰۰,اخبار-اقتصادی,2024-09-13 10:03:08.693761,https://www.shahrekhabar.com/news/172620816036453
طلا بخریم یا ملک؟ | برای سرمایه گذاری کدام یک بهتر است؟,صد آنلاین,اخبار-اقتصادی,2024-09-13 10:03:08.693761,https://www.shahrekhabar.com/news/172620810042453
از شایعه تا واقعیت مسکن ۲۵ متری!,صد آنلاین,اخبار-اقتصادی,2024-09-13 10:03:08.693761,https://www.shahrekhabar.com/news/172620780043132
درمان زخم اصلی؛ اثر تحریم‌ها بر ناترازی‌های اقتصاد/ 6 ماه حیاتی پیش روی ایران,اقتصاد نیوز,اخبار-اقتصادی,2024-09-13 10:03:08.693761,https://www.shahrekhabar.com/news/172620732027627
پرواز کلن ایران ایر برقرار است,خبرگزاری تسنیم,اخبار-اقتصادی,2024-09-13 10:03:08.693761,https://www.shahrekhabar.com/news/172620720002979
قیمت اونس طلا پرواز کرد,اقتصاد آنلاین,اخبار-اقتصادی,2024-09-13 10:03:08.693761,https://www.shahrekhabar.com/news/17262072002778
قیمت جهانی نفت امروز 1403/06/23 |برنت 72 دلار و 43 سنت شد,خبرگزاری تسنیم,اخبار-اقتصادی,2024-09-13 10:03:08.693761,https://www.shahrekhabar.com/news/172620648062157
بازنشستگان بخوانند/ حساب این گروه از بازنشستگان فردا پرپول می شود +جزییات,اقتصاد ۱۰۰,اخبار-اقتصادی,2024-09-13 10:03:08.693761,https://www.shahrekhabar.com/news/172620630071479
طلا اوج گرفت +جدول,اقتصاد ۱۰۰,اخبار-اقتصادی,2024-09-13 10:03:08.693761,https://www.shahrekhabar.com/news/172620630065399
ترافیک روان در هراز و فیروزکوه/ ترافیک سنگین در چالوس,خبرگزاری تسنیم,اخبار-اقتصادی,2024-09-13 10:03:08.693761,https://www.shahrekhabar.com/news/172620474092297
کمک هزینه معیشتی 500 هزار تومانی برای این گروه خاص,اقتصاد ۱۰۰,اخبار-اقتصادی,2024-09-13 10:03:08.693761,https://www.shahrekhabar.com/news/172620450065946
ساندرو دست دوم مدل ۱۳۹۷ چند میلیون؟ + جدول قیمت,اقتصاد آنلاین,اخبار-اقتصادی,2024-09-13 10:03:08.693761,https://www.shahrekhabar.com/news/172620360018631
قیمت دام زنده امروز ۲۳ شهریور ۱۴۰۳/ این استان ارزان‌ترین گوسفند زنده را دارد +جدول,اقتصاد ۱۰۰,اخبار-اقتصادی,2024-09-13 10:03:08.693761,https://www.shahrekhabar.com/news/172620270074676
هزینه تولید هر قطعه اسکناس چه میزان است؟,اقتصاد نیوز,اخبار-اقتصادی,2024-09-13 10:03:08.693761,https://www.shahrekhabar.com/news/172620192057859
قیمت شاهین سایپا در بازار امروز ۲۳ شهریور چند؟,اقتصاد آنلاین,اخبار-اقتصادی,2024-09-13 10:03:08.693761,https://www.shahrekhabar.com/news/172620180020129
اول مهرآخرین مهلت ترخیص کالاباتاریخ بارنامه مقدم برثبت‌سفارش,خبرگزاری تسنیم,اخبار-اقتصادی,2024-09-13 10:03:08.693761,https://www.shahrekhabar.com/news/172620132078654
نرخ مسکن 25 متری اعلام شد,اقتصاد ۱۰۰,اخبار-اقتصادی,2024-09-13 10:03:08.693761,https://www.shahrekhabar.com/news/172620096041688
بورس تهران در عطش مدیریت متخصصان / بازار سهام با رئیس جدید احیا می‌شود؟!,اکوایران,اخبار-اقتصادی,2024-09-13 10:03:08.693761,https://www.shahrekhabar.com/news/172619910032124
ایران خودرو چوب حراج به 9 محصول خود زد + تحویل 30 روزه و جزئیات ثبت نام,اقتصاد ۱۰۰,اخبار-اقتصادی,2024-09-13 10:03:08.693761,https://www.shahrekhabar.com/news/172619736032294
بانک‌ها برنده واقعی لاتاری خودرو هستند,اقتصاد ۱۰۰,اخبار-اقتصادی,2024-09-13 10:03:08.693761,https://www.shahrekhabar.com/news/172619484058663
اطلاعیه مهم دولت از حقوق کارگران در شهریور ماه,اقتصاد ۱۰۰,اخبار-اقتصادی,2024-09-13 10:03:08.693761,https://www.shahrekhabar.com/news/172619370076673
آخرین قیمت پژوپارس در بازار / ۲۷۵ میلیون بخرید,اقتصاد ۱۰۰,اخبار-اقتصادی,2024-09-13 10:03:08.693761,https://www.shahrekhabar.com/news/172619010060154
آغاز فروش خودرو پرطرفدار بهمن موتور از شنبه,اقتصاد ۱۰۰,اخبار-اقتصادی,2024-09-13 10:03:08.693761,https://www.shahrekhabar.com/news/172618650055658
سرمایه‌گذاری پرسود برای بازنشستگان / بازنشستگان کجا سرمایه‌گذاری کنند؟,اقتصاد ۱۰۰,اخبار-اقتصادی,2024-09-13 10:03:08.693761,https://www.shahrekhabar.com/news/172618290078674
فوری / بنزین امسال سهمیه‌بندی و دونرخی نمی‌شود,اقتصاد ۱۰۰,اخبار-اقتصادی,2024-09-13 10:03:08.693761,https://www.shahrekhabar.com/news/172617324060147
صادرات ۳۰ درصدی محصولات غذایی و کشاورزی ایران به خاک عراق,اقتصاد ۱۰۰,اخبار-اقتصادی,2024-09-13 10:03:08.693761,https://www.shahrekhabar.com/news/172617210072024
وضعیت درام بازار کالاهای اساسی در روزهای آخر تابستان,اقتصاد ۱۰۰,اخبار-اقتصادی,2024-09-13 10:03:08.693761,https://www.shahrekhabar.com/news/172617204050778
غذای این 15 میلیون نفر کجا می رود؟,اقتصاد ۱۰۰,اخبار-اقتصادی,2024-09-13 10:03:08.693761,https://www.shahrekhabar.com/news/172617108067464
ماجرای وام میلیاردی قرض‌الحسنه رئیس بانک مرکزی چیست؟,اقتصاد آنلاین,اخبار-اقتصادی,2024-09-13 10:03:08.693761,https://www.shahrekhabar.com/news/172617090011532
اتهام‌زنی آمریکا و تروئیکای اروپا علیه برنامه هسته‌ای ایران,اقتصاد ۱۰۰,اخبار-اقتصادی,2024-09-13 10:03:08.693761,https://www.shahrekhabar.com/news/172617060053719
واکنش ایران‌ایر به تحریم های اروپا علیه این هواپیمایی,اقتصاد آنلاین,اخبار-اقتصادی,2024-09-13 10:03:08.693761,https://www.shahrekhabar.com/news/17261703000842
خط فقر ۲۰ میلیون تومن نیست؛ ۳۰ میلیون تومان است!,اقتصاد ۱۰۰,اخبار-اقتصادی,2024-09-13 10:03:08.693761,https://www.shahrekhabar.com/news/172616940049859
ماشین جدید ایران‌خودرو از راه رسید + عکس,اقتصاد آنلاین,اخبار-اقتصادی,2024-09-13 10:03:08.693761,https://www.shahrekhabar.com/news/172616820041371
پیش بینی اقتصاد کشورهای جهان با نفت ۶۰ دلاری,اقتصاد آنلاین,اخبار-اقتصادی,2024-09-13 10:03:08.693761,https://www.shahrekhabar.com/news/17261682003537
قیمت طلا و سکه ۲۲ شهریور؛ سکه منتظر 44 تومانی شدنش,اقتصاد ۱۰۰,اخبار-اقتصادی,2024-09-13 10:03:08.693761,https://www.shahrekhabar.com/news/172616772062413
شناسایی بزرگ‌ترین مخارج ارزی ایران/ سهم ۷ میلیارد دلاری کالاهای اساسی+ جدول,اقتصاد نیوز,اخبار-اقتصادی,2024-09-13 10:03:08.693761,https://www.shahrekhabar.com/news/172616760039388
فوری؛ تحریم‌های جدید آمریکا علیه ایران و روسیه/ ایران‌ایر تحریم شد؟,اقتصاد آنلاین,اخبار-اقتصادی,2024-09-13 10:03:08.693761,https://www.shahrekhabar.com/news/172616760099578
دلار دردسر فرش دستباف ایرانی شد,اقتصاد ۱۰۰,اخبار-اقتصادی,2024-09-13 10:03:08.693761,https://www.shahrekhabar.com/news/172616754066894
خطر بیخ گوش ۳۷ درصد تهرانی‌ها,اقتصاد ۱۰۰,اخبار-اقتصادی,2024-09-13 10:03:08.693761,https://www.shahrekhabar.com/news/172616736051016
حقیقت‌سنج: ایران در چاپ پول چندمین کشور جهان است؟ به لحاظ فرونشستن زمین چطور؟,اکوایران,اخبار-اقتصادی,2024-09-13 10:03:08.693761,https://www.shahrekhabar.com/news/17261667603057
یارانه نقدی این دهک‌ها قطع شد!,اقتصاد ۱۰۰,اخبار-اقتصادی,2024-09-13 10:03:08.693761,https://www.shahrekhabar.com/news/17261661002042
چرخش و گردش عجیب جریان پول در بورس,اقتصاد ۱۰۰,اخبار-اقتصادی,2024-09-13 10:03:08.693761,https://www.shahrekhabar.com/news/172616556037459
قیمت دلار و یورو در مرکز مبادله ایران؛ پنجشنبه ۲۲ شهریور,اقتصاد ۱۰۰,اخبار-اقتصادی,2024-09-13 10:03:08.693761,https://www.shahrekhabar.com/news/172616376053755
پزشکیان به دنبال تراز کردن دخل و خرج مردم / کارمندان منتظر افزایش حقوق باشند؟,اقتصاد ۱۰۰,اخبار-اقتصادی,2024-09-13 10:03:08.693761,https://www.shahrekhabar.com/news/172616244061097
پرچم‌دار مبارزه با فساد؛ سری مولیانی چگونه بهترین وزیر جهان شد؟,اقتصاد نیوز,اخبار-اقتصادی,2024-09-13 10:03:08.693761,https://www.shahrekhabar.com/news/172616232009578
 آخرین وضعیت واریز سود سهام عدالت متوفیان + تاریخ و جزئیات,اقتصاد آنلاین,اخبار-اقتصادی,2024-09-13 10:03:08.693761,https://www.shahrekhabar.com/news/17261604007779
یارانه افزایش می یابد؟,اقتصاد آنلاین,اخبار-اقتصادی,2024-09-13 10:03:08.693761,https://www.shahrekhabar.com/news/172615950009682
تصمیم دولت پزشکیان برای افزایش یارانه ها در 1403,اقتصاد ۱۰۰,اخبار-اقتصادی,2024-09-13 10:03:08.693761,https://www.shahrekhabar.com/news/172615878059214
برنده‌های این هفته بازار خودرو را بشناسید+ فیلم,اقتصاد نیوز,اخبار-اقتصادی,2024-09-13 10:03:08.693761,https://www.shahrekhabar.com/news/172615836093031
قیمت این خودرو اتومات سقوط کرد+ جدول,اقتصاد ۱۰۰,اخبار-اقتصادی,2024-09-13 10:03:08.693761,https://www.shahrekhabar.com/news/172615788069516
خبر خوش از افزایش 50 درصدی وام ها,اقتصاد ۱۰۰,اخبار-اقتصادی,2024-09-13 10:03:08.693761,https://www.shahrekhabar.com/news/172615686054492
برندگان ایران خودرو بخوانند/امکان واریز وجه فراهم شد,اقتصاد ۱۰۰,اخبار-اقتصادی,2024-09-13 10:03:08.693761,https://www.shahrekhabar.com/news/172615524057779
ممنوعیت جدید سوخت در کشور + جزئیات,اقتصاد آنلاین,اخبار-اقتصادی,2024-09-13 10:03:08.693761,https://www.shahrekhabar.com/news/172615350001950
واریز سود سهام عدالت متوفیان از این تاریخ در حساب وراث,اقتصاد ۱۰۰,اخبار-اقتصادی,2024-09-13 10:03:08.693761,https://www.shahrekhabar.com/news/172615332068888
تورم خدمات مرداد ماه کاهشی شده است+ نمودار,اقتصاد نیوز,اخبار-اقتصادی,2024-09-13 10:03:08.693761,https://www.shahrekhabar.com/news/172615332000063
فروش خودروهای برقی افزایش یافت/ رنگ بازار عوض شد,اقتصاد آنلاین,اخبار-اقتصادی,2024-09-13 10:03:08.693761,https://www.shahrekhabar.com/news/17261526007325
شکست از فقر: وضعیت معیشت مردم ایران پیش و پس از انقلاب,اکوایران,اخبار-اقتصادی,2024-09-13 10:03:08.693761,https://www.shahrekhabar.com/news/172615236024761
سهم بزرگ صنعت و معدن از تسهیلات بانکی/ مسکن در پله آخر+ نمودار,اقتصاد نیوز,اخبار-اقتصادی,2024-09-13 10:03:08.693761,https://www.shahrekhabar.com/news/172615152018194
قیمت های نجومی یک خودروی دست دوم در بازار + جدول,اقتصاد آنلاین,اخبار-اقتصادی,2024-09-13 10:03:08.693761,https://www.shahrekhabar.com/news/17261514007476
پیگیر لغو پرواز تهران- کلن هستیم/ پروازهای هما به مقصد اتحادیه اروپا برقرار است,مشرق نیوز,اخبار-اقتصادی,2024-09-13 10:03:08.693761,https://www.shahrekhabar.com/news/172615098060611
کاهش نبض تورم پیشران خدمات,اکوایران,اخبار-اقتصادی,2024-09-13 10:03:08.693761,https://www.shahrekhabar.com/news/17261502605605
پیش بینی حساس از آینده بازار مسکن,اقتصاد ۱۰۰,اخبار-اقتصادی,2024-09-13 10:03:08.693761,https://www.shahrekhabar.com/news/172614972080640
فوری / طرح تازه دولت برای بازار خودرو / واردات خودرو آزاد خواهد شد؟,اقتصاد آنلاین,اخبار-اقتصادی,2024-09-13 10:03:08.693761,https://www.shahrekhabar.com/news/172614960078411
 ارزش خرید کدام یک از خودروهای سامانه جانبازان بیشتر است؟,اقتصاد آنلاین,اخبار-اقتصادی,2024-09-13 10:03:08.693761,https://www.shahrekhabar.com/news/172614870009537
سواری خوش قیمت ژاپنی در بازار ایران چند؟ + جدول,اقتصاد آنلاین,اخبار-اقتصادی,2024-09-13 10:03:08.693761,https://www.shahrekhabar.com/news/172614870003579
خبر مهم برای یارانه بگیران / تغییر رقم یارانه ها به کجا رسید؟,اقتصاد آنلاین,اخبار-اقتصادی,2024-09-13 10:03:08.693761,https://www.shahrekhabar.com/news/172614810002535
خبر مهم برای متقاضیان ثبت نام خودروهای وارداتی / با خرید کدام خودرو میلیاردی سود کنیم؟,اقتصاد آنلاین,اخبار-اقتصادی,2024-09-13 10:03:08.693761,https://www.shahrekhabar.com/news/17261478007730
آب، پایتخت را جابه‌جا می‌کند؟,مشرق نیوز,اخبار-اقتصادی,2024-09-13 10:03:08.693761,https://www.shahrekhabar.com/news/17261476806507
بازار خودر این هفته ۳ برنده داشت و ۶ بازنده,اکوایران,اخبار-اقتصادی,2024-09-13 10:03:08.693761,https://www.shahrekhabar.com/news/172614636012327
غول اراکی به مقصد رسید+ فیلم,مشرق نیوز,اخبار-اقتصادی,2024-09-13 10:03:08.693761,https://www.shahrekhabar.com/news/172614600058028
محصولات ایران خودرو ارزان شد / کاهش قیمت پژو ۲۰۷ اتوماتیک و هایما + جدول,اقتصاد آنلاین,اخبار-اقتصادی,2024-09-13 10:03:08.693761,https://www.shahrekhabar.com/news/172614600086773
شرط رعایت قانون از سمت عموم مردم جامعه چیست؟,اکوایران,اخبار-اقتصادی,2024-09-13 10:03:08.693761,https://www.shahrekhabar.com/news/172614540039670
طلا برای جهشی دوباره آماده خواهد شد؟,اقتصاد آنلاین,اخبار-اقتصادی,2024-09-13 10:03:08.693761,https://www.shahrekhabar.com/news/17261454007553
تشابه ایران و ونزوئلا در خرج درآمدهای نفتی,اکوایران,اخبار-اقتصادی,2024-09-13 10:03:08.693761,https://www.shahrekhabar.com/news/172614528049311
مجوز واردات رقیب نیسان آبی صادر شد,اقتصاد ۱۰۰,اخبار-اقتصادی,2024-09-13 10:03:08.693761,https://www.shahrekhabar.com/news/172614516019591
قیمت های شوک آور حواله پراید، پژو ۴۰۵ و پیکان +عکس,اقتصاد ۱۰۰,اخبار-اقتصادی,2024-09-13 10:03:08.693761,https://www.shahrekhabar.com/news/172614516013443
آدرس نمایشگاه لوازم التحریر تهران / لوازم التحریر ارزان از کجا بخریم؟,اقتصاد آنلاین,اخبار-اقتصادی,2024-09-13 10:03:08.693761,https://www.shahrekhabar.com/news/172614510000228
قیمت طلا در آمریکا به بالاترین حد خود رسید + عکس,اقتصاد ۱۰۰,اخبار-اقتصادی,2024-09-13 10:03:08.693761,https://www.shahrekhabar.com/news/172614420041710
خانه های این منطقه تهران هنوز خریدار دارد,اقتصاد ۱۰۰,اخبار-اقتصادی,2024-09-13 10:03:08.693761,https://www.shahrekhabar.com/news/172614420035784
افزایش دستمزد کارگران باتوجه به نرخ تورم به کجا رسید؟,اقتصاد آنلاین,اخبار-اقتصادی,2024-09-13 10:03:08.693761,https://www.shahrekhabar.com/news/172614420083158
ایران‌ایر: هیچ گزارش رسمی از اروپا بابت تحریم جدید نگرفته‌ایم,مشرق نیوز,اخبار-اقتصادی,2024-09-13 10:03:08.693761,https://www.shahrekhabar.com/news/172614384056646
سورپرایز ایران خودرو برای متقاضیان تارا در طرح فروش,اقتصاد ۱۰۰,اخبار-اقتصادی,2024-09-13 10:03:08.693761,https://www.shahrekhabar.com/news/172614252082376
راهکار معاون وزارت نفت برای رفع چالش پالایشگاه‌ها,اقتصاد نیوز,اخبار-اقتصادی,2024-09-13 10:03:08.693761,https://www.shahrekhabar.com/news/172614216019840
قیمت طلا و سکه ۲۲ شهریور,مشرق نیوز,اخبار-اقتصادی,2024-09-13 10:03:08.693761,https://www.shahrekhabar.com/news/172614138052754
گرانی خانه از رگ گردن نزدیک تر شد,اقتصاد ۱۰۰,اخبار-اقتصادی,2024-09-13 10:03:08.693761,https://www.shahrekhabar.com/news/172614078050385
تغییر مهم در واریز حقوق بازنشستگان / مستمری بازنشستگان دو میلیون افزایش یافت,اقتصاد آنلاین,اخبار-اقتصادی,2024-09-13 10:03:08.693761,https://www.shahrekhabar.com/news/17261397000018
توقف اختصاص گازوئیل به ناوگان حمل‌ونقل بدون بارنامه + جزئیات,اقتصاد نیوز,اخبار-اقتصادی,2024-09-13 10:03:08.693761,https://www.shahrekhabar.com/news/172613952012230
مسکن اقتصادی شرط ریزش قیمت مسکن اعلام شد,اقتصاد ۱۰۰,اخبار-اقتصادی,2024-09-13 10:03:08.693761,https://www.shahrekhabar.com/news/172613892055180
قطع بیمه عمر بازنشستگان تامین‌اجتماعی / علت چیست؟,اقتصاد آنلاین,اخبار-اقتصادی,2024-09-13 10:03:08.693761,https://www.shahrekhabar.com/news/172613880086664
سایت فلایتیو تعلیق شد، ولی همچنان بلیت می‌فروشد!,خبرگزاری تسنیم,اخبار-اقتصادی,2024-09-13 10:03:08.693761,https://www.shahrekhabar.com/news/172613838010913
تبدیل 4 میلیون و 200 هزار مجوز کاغذی به شناسه یکتا,خبرگزاری تسنیم,اخبار-اقتصادی,2024-09-13 10:03:08.693761,https://www.shahrekhabar.com/news/17261382601816
اطلاعیه مهم ایران خودرو / برندگان قرعه کشی ایران خودرو بخوانند,اقتصاد آنلاین,اخبار-اقتصادی,2024-09-13 10:03:08.693761,https://www.shahrekhabar.com/news/172613760082078
هزینه‌های شیک‌پوشی در تهران ۸۰ سال پیش / چه مقدار پول برای مد آن زمان نیاز بود؟ + عکس‌های تاریخی,اقتصاد ۱۰۰,اخبار-اقتصادی,2024-09-13 10:03:08.693761,https://www.shahrekhabar.com/news/172613718054771
متقاضیان و خریداران مسکن ملی عجله کنند,اقتصاد ۱۰۰,اخبار-اقتصادی,2024-09-13 10:03:08.693761,https://www.shahrekhabar.com/news/172613718048650
درد مشترک اقتصاد؛ از قاجار و پهلوی تا جمهوری اسلامی,اکوایران,اخبار-اقتصادی,2024-09-13 10:03:08.693761,https://www.shahrekhabar.com/news/172613682063142
توقف اختصاص گازوئیل به ناوگان حمل‌ونقل بدون بارنامه از 1 مهر,خبرگزاری تسنیم,اخبار-اقتصادی,2024-09-13 10:03:08.693761,https://www.shahrekhabar.com/news/172613676036076
آخرین وضعیت صادرات غیرنفتی ایران به این کشور,اقتصاد نیوز,اخبار-اقتصادی,2024-09-13 10:03:08.693761,https://www.shahrekhabar.com/news/172613664015273
رکود در بازار خودرو/ قیمت خودروهای پرتیراژ اعلام شد+ جدول,اقتصاد ۱۰۰,اخبار-اقتصادی,2024-09-13 10:03:08.693761,https://www.shahrekhabar.com/news/172613604060312
مردم می‌توانند برای وام بورس شکایت کنند؟,اقتصاد آنلاین,اخبار-اقتصادی,2024-09-13 10:03:08.693761,https://www.shahrekhabar.com/news/172613580092574
دور جدید پیش‌فروش سایپا با وام بانکی / حراج بزرگ محصولات سایپا باتحویل فوری,اقتصاد ۱۰۰,اخبار-اقتصادی,2024-09-13 10:03:08.693761,https://www.shahrekhabar.com/news/172613532004711
ترافیک سنگین در محورهای شمال/ جاده چالوس یک طرفه شد,خبرگزاری تسنیم,اخبار-اقتصادی,2024-09-13 10:03:08.693761,https://www.shahrekhabar.com/news/172613508081584
تکلیف مجتمع‌های تولیدی ملی مس برای استفاده از کالاهای داخلی,خبرگزاری تسنیم,اخبار-اقتصادی,2024-09-13 10:03:08.693761,https://www.shahrekhabar.com/news/172613508075538
قیمت دلار امروز پنجشنبه ۲۲ شهریور ۱۴۰۳,اقتصاد ۱۰۰,اخبار-اقتصادی,2024-09-13 10:03:08.693761,https://www.shahrekhabar.com/news/172613484051811
فیلترینگ از کیش آزاد می‌شود؟,اکوایران,اخبار-اقتصادی,2024-09-13 10:03:08.693761,https://www.shahrekhabar.com/news/172613448028224
بزرگترین مخارج ارزی ایران تا ٢١ شهریور,اکوایران,اخبار-اقتصادی,2024-09-13 10:03:08.693761,https://www.shahrekhabar.com/news/172613406034537
از خانه درخواست بازنشستگی بدید / آپشنی جذاب برای بازنشستگان تامین اجتماعی !,اقتصاد ۱۰۰,اخبار-اقتصادی,2024-09-13 10:03:08.693761,https://www.shahrekhabar.com/news/172613358043081
قیمت طلا و سکه امروز ۲۲ شهریور ۱۴۰۳ / طلای ۱۸ عیار چند؟,اقتصاد ۱۰۰,اخبار-اقتصادی,2024-09-13 10:03:08.693761,https://www.shahrekhabar.com/news/172613340090834
قیمت میلگرد امروز ۲۲ شهریور ۱۴۰۳ +جدول,اقتصاد ۱۰۰,اخبار-اقتصادی,2024-09-13 10:03:08.693761,https://www.shahrekhabar.com/news/172613256032663
قیمت دلار و یورو پنجشنبه ۲۲ شهریور,مشرق نیوز,اخبار-اقتصادی,2024-09-13 10:03:08.693761,https://www.shahrekhabar.com/news/172613208056417
قیمت فرآورده‌های لبنی افزایش یافت+ جدول,مشرق نیوز,اخبار-اقتصادی,2024-09-13 10:03:08.693761,https://www.shahrekhabar.com/news/172613190058733
هر کد ملی چقدر بنزین می‌گیرد؟,اقتصاد ۱۰۰,اخبار-اقتصادی,2024-09-13 10:03:08.693761,https://www.shahrekhabar.com/news/172613172062660
قیمت لبنیات افزایش یافت/این کالاها را ارزان‌تر بخرید,اقتصاد نیوز,اخبار-اقتصادی,2024-09-13 10:03:08.693761,https://www.shahrekhabar.com/news/172613070011338
وضعیت سهام شاخص‌ساز پس از عشقی,اکوایران,اخبار-اقتصادی,2024-09-13 10:03:08.693761,https://www.shahrekhabar.com/news/172613058020393
رشد 71 برابری صادرات ایران به عراق طی 20 سال,خبرگزاری تسنیم,اخبار-اقتصادی,2024-09-13 10:03:08.693761,https://www.shahrekhabar.com/news/172613016079768
آغاز واریز حقوق بازنشستگان / سازمان تامین اجتماعی سوپرایز دارد؟,اقتصاد ۱۰۰,اخبار-اقتصادی,2024-09-13 10:03:08.693761,https://www.shahrekhabar.com/news/172613004025530
عکس/ حضور کیم در تاسیسات غنی سازی کره شمالی,مشرق نیوز,اخبار-جهان,2024-09-13 10:03:08.693761,https://www.shahrekhabar.com/news/172620876032391
آمریکا و چین در چه فناوری‌های نظامی سرمایه‌گذاری کرده‌اند؟,مشرق نیوز,اخبار-جهان,2024-09-13 10:03:08.693761,https://www.shahrekhabar.com/news/172620744054455
داعش مسؤولیت حمله خونین علیه شیعیان در مرکز افغانستان را برعهده گرفت,مشرق نیوز,اخبار-جهان,2024-09-13 10:03:08.693761,https://www.shahrekhabar.com/news/172620708042282
اعتبارنامه ۶ دیپلمات انگلیسی در روسیه به دلیل فعالیت‌های خرابکارانه لغو شد,مشرق نیوز,اخبار-جهان,2024-09-13 10:03:08.693761,https://www.shahrekhabar.com/news/172620678049781
نخستین تصاویر از سایت تاسیسات هسته‌ای کره شمالی منتشر شد,مشرق نیوز,اخبار-جهان,2024-09-13 10:03:08.693761,https://www.shahrekhabar.com/news/172620594038141
گوترش: جنگ وحشتناک غزه باید متوقف شود,مشرق نیوز,اخبار-جهان,2024-09-13 10:03:08.693761,https://www.shahrekhabar.com/news/172619904065928
روز 343 طوفان‌الاقصی| بمباران شدید اردوگاه النصیرات,خبرگزاری تسنیم,اخبار-جهان,2024-09-13 10:03:08.693761,https://www.shahrekhabar.com/news/172619592082676
انتشار اولین تصاویر از تأسیسات هسته‌ای کره شمالی,خبرگزاری تسنیم,اخبار-جهان,2024-09-13 10:03:08.693761,https://www.shahrekhabar.com/news/172619424093729
دمشق: شرط تعامل با ترکیه، خروج از مناطق اشغالی است,خبرگزاری تسنیم,اخبار-جهان,2024-09-13 10:03:08.693761,https://www.shahrekhabar.com/news/172619166032631
فنلاند: خاک ما هرگز برای حمله به روسیه استفاده نخواهد شد,خبرگزاری تسنیم,اخبار-جهان,2024-09-13 10:03:08.693761,https://www.shahrekhabar.com/news/172618926056978
حزب‌الله یک پایگاه پدافندی اسرائیل را موشک‌باران کرد,خبرگزاری تسنیم,اخبار-جهان,2024-09-13 10:03:08.693761,https://www.shahrekhabar.com/news/172618494042882
گوترش: شورای امنیت در توقف جنگ غزه شکست خورد,خبرگزاری تسنیم,اخبار-جهان,2024-09-13 10:03:08.693761,https://www.shahrekhabar.com/news/172618356031642
ترامپ: مناظره دیگری با هریس نخواهم داشت,مشرق نیوز,اخبار-جهان,2024-09-13 10:03:08.693761,https://www.shahrekhabar.com/news/172618356046786
دبیر شورای عالی امنیت ملی ایران وارد بلاروس شد,مشرق نیوز,اخبار-جهان,2024-09-13 10:03:08.693761,https://www.shahrekhabar.com/news/172618248053832
در عملیات اربعین حزب‌الله ۲۲ نظامی صهیونیست کشته شدند,مشرق نیوز,اخبار-جهان,2024-09-13 10:03:08.693761,https://www.shahrekhabar.com/news/172617324041138
سفارت ایران ادعاهای صهیونیست‌ها را رد کرد,خبرگزاری تسنیم,اخبار-جهان,2024-09-13 10:03:08.693761,https://www.shahrekhabar.com/news/17261723409613
لغو سفر بورل به سرزمین‌های اشغالی,مشرق نیوز,اخبار-جهان,2024-09-13 10:03:08.693761,https://www.shahrekhabar.com/news/17261684406388
خبرسازی درباره عملیات رژیم صهیونیستی در سوریه,مشرق نیوز,اخبار-جهان,2024-09-13 10:03:08.693761,https://www.shahrekhabar.com/news/172616724042869
دوران دیپلماسی یک طرفه گذشته است,مشرق نیوز,اخبار-جهان,2024-09-13 10:03:08.693761,https://www.shahrekhabar.com/news/17261667006467
اقلیم کردستان عراق اهمیت ویژه‌ای برای ایران دارد,مشرق نیوز,اخبار-جهان,2024-09-13 10:03:08.693761,https://www.shahrekhabar.com/news/172616640049193
دومینوی استعفاهای نظامیان صهیونیست ادامه دارد,خبرگزاری تسنیم,اخبار-جهان,2024-09-13 10:03:08.693761,https://www.shahrekhabar.com/news/172616634048110
 شرکت بزرگ نظامی لاکهید مارتین آمریکا هک شد,مشرق نیوز,اخبار-جهان,2024-09-13 10:03:08.693761,https://www.shahrekhabar.com/news/172616592058319
هریس در انتخابات آمریکا پیشتاز شد,مشرق نیوز,اخبار-جهان,2024-09-13 10:03:08.693761,https://www.shahrekhabar.com/news/172616484046349
۶ شهید و زخمی در حملات هوایی اسرائیل به لبنان,مشرق نیوز,اخبار-جهان,2024-09-13 10:03:08.693761,https://www.shahrekhabar.com/news/172616388024330
6 شهید و زخمی در حملات هوایی رژیم صهیونیستی به جنوب لبنان,خبرگزاری تسنیم,اخبار-جهان,2024-09-13 10:03:08.693761,https://www.shahrekhabar.com/news/172616178076396
مقام روس: تعداد زیادی سربازان اوکراینی تسلیم شدند,مشرق نیوز,اخبار-جهان,2024-09-13 10:03:08.693761,https://www.shahrekhabar.com/news/172616172056199
رزمایش مشترک مصر و آمریکا در دریای سرخ,مشرق نیوز,اخبار-جهان,2024-09-13 10:03:08.693761,https://www.shahrekhabar.com/news/172616082065658
پوتین: روابط روسیه - ایران راهبردی است,خبرگزاری تسنیم,اخبار-جهان,2024-09-13 10:03:08.693761,https://www.shahrekhabar.com/news/172616028050650
تحریم‌های جدید آمریکا علیه ۱۶ متحد مادورو,مشرق نیوز,اخبار-جهان,2024-09-13 10:03:08.693761,https://www.shahrekhabar.com/news/172615968058938
غربی ها از ابعاد اقتصادی تحریم‌ها عبورکرده اند,مشرق نیوز,اخبار-جهان,2024-09-13 10:03:08.693761,https://www.shahrekhabar.com/news/172615950036894
ناتو: روسیه بزرگترین تهدید علیه ماست,مشرق نیوز,اخبار-جهان,2024-09-13 10:03:08.693761,https://www.shahrekhabar.com/news/172615944038837
شغل جدید استولتنبرگ پس از پایان حضور در ناتو,مشرق نیوز,اخبار-جهان,2024-09-13 10:03:08.693761,https://www.shahrekhabar.com/news/172615914029038
در رثای «محمد احمد الراشد»،اندیشمند عراقی حامی مقاومت فلسطین,خبرگزاری تسنیم,اخبار-جهان,2024-09-13 10:03:08.693761,https://www.shahrekhabar.com/news/172615884045866
خطای محاسباتی در چادرهای تابستانی؛آتشفشان فعال کرانه‌ باختری,خبرگزاری تسنیم,اخبار-جهان,2024-09-13 10:03:08.693761,https://www.shahrekhabar.com/news/172615884039818
«عایشه نور»؛ راشل کوری جدید مقاومت فلسطین,خبرگزاری تسنیم,اخبار-جهان,2024-09-13 10:03:08.693761,https://www.shahrekhabar.com/news/172615746044195
ابوآلاءالولائی: اهداف عملیات طوفان‌الاقصی محقق خواهد شد,خبرگزاری تسنیم,اخبار-جهان,2024-09-13 10:03:08.693761,https://www.shahrekhabar.com/news/172615638038635
ترفند نتانیاهو برای فرار از دادرسی بین المللی,مشرق نیوز,اخبار-جهان,2024-09-13 10:03:08.693761,https://www.shahrekhabar.com/news/172615620044383
واکنش به فیلم شبیه سازی تخریب مسجد الاقصی از سوی صهیونیست‌ها,خبرگزاری تسنیم,اخبار-جهان,2024-09-13 10:03:08.693761,https://www.shahrekhabar.com/news/172615614024982
فرمانده مقاومت عراق: بزودی شاهد عملیات مشترک علیه اشغالگران خواهیم بود,مشرق نیوز,اخبار-جهان,2024-09-13 10:03:08.693761,https://www.shahrekhabar.com/news/172615512018730
ترفند جدید بنیامین نتانیاهو برای فرار از دادرسی بین المللی,خبرگزاری تسنیم,اخبار-جهان,2024-09-13 10:03:08.693761,https://www.shahrekhabar.com/news/172615446019548
️جواب‌های قاطع، مجری بریتانیایی را مجبور به قطع برنامه کرد!,مشرق نیوز,اخبار-جهان,2024-09-13 10:03:08.693761,https://www.shahrekhabar.com/news/172615416024650
زنده به‌گور کردن فلسطینیان توسط صهیونیستها,مشرق نیوز,اخبار-جهان,2024-09-13 10:03:08.693761,https://www.shahrekhabar.com/news/172615362041233
گروندبرگ: جنگ غزه تلاش‌های ما را در یمن پیچیده می‌کند,مشرق نیوز,اخبار-جهان,2024-09-13 10:03:08.693761,https://www.shahrekhabar.com/news/172615320037186
عملیات گذرگاه «الکرامه» و توسعه جغرافیای مقاومت,خبرگزاری تسنیم,اخبار-جهان,2024-09-13 10:03:08.693761,https://www.shahrekhabar.com/news/172615296071071
پوتین: روابط روسیه و ایران راهبردی است,مشرق نیوز,اخبار-جهان,2024-09-13 10:03:08.693761,https://www.shahrekhabar.com/news/17261526602647
استرالیا مدال‌ جنایتکاران خود در افغانستان را پس می‌گیرد,خبرگزاری تسنیم,اخبار-جهان,2024-09-13 10:03:08.693761,https://www.shahrekhabar.com/news/172615254011868
فرمانده یگان جاسوسی ستاد ارتش اسرائیل استعفا کرد,خبرگزاری تسنیم,اخبار-جهان,2024-09-13 10:03:08.693761,https://www.shahrekhabar.com/news/172615248076571
انفجار یک خودرو در شهر اشغالی رمله,خبرگزاری تسنیم,اخبار-جهان,2024-09-13 10:03:08.693761,https://www.shahrekhabar.com/news/172615218083565
طالبان: خاک ما علیه هیچ کشوری استفاده نمی‌شود,خبرگزاری تسنیم,اخبار-جهان,2024-09-13 10:03:08.693761,https://www.shahrekhabar.com/news/172615140045481
واکنش انتقادی برلین به اظهارات ترامپ ضد سیاست انرژی آلمان,خبرگزاری تسنیم,اخبار-جهان,2024-09-13 10:03:08.693761,https://www.shahrekhabar.com/news/172615074039419
بین ایران و عربستان باید همکاری گسترده‌ برقرار باشد,مشرق نیوز,اخبار-جهان,2024-09-13 10:03:08.693761,https://www.shahrekhabar.com/news/172615056006383
خروج ناو هواپیمابر تئودور روزلت آمریکا از آب‌های غرب آسیا,مشرق نیوز,اخبار-جهان,2024-09-13 10:03:08.693761,https://www.shahrekhabar.com/news/172615050030584
خلیلزاد: داعش در پاکستان برای خود پایگاه ایجاد کرده است,خبرگزاری تسنیم,اخبار-جهان,2024-09-13 10:03:08.693761,https://www.shahrekhabar.com/news/172615026034889
زنده به‌گور کردن فلسطینیان توسط صهیونیستها در کشتار المواصی,خبرگزاری تسنیم,اخبار-جهان,2024-09-13 10:03:08.693761,https://www.shahrekhabar.com/news/172615026028814
آغاز ضد حمله روسیه در منطقه کورسک,صد آنلاین,اخبار-جهان,2024-09-13 10:03:08.693761,https://www.shahrekhabar.com/news/172615020005611
فرمانده پلیس اسرائیل در کرانه باختری استعفا داد,مشرق نیوز,اخبار-جهان,2024-09-13 10:03:08.693761,https://www.shahrekhabar.com/news/172614936015360
حمایت وزیر صهیونیست از توافق با حماس,خبرگزاری تسنیم,اخبار-جهان,2024-09-13 10:03:08.693761,https://www.shahrekhabar.com/news/172614924057396
هدیه خاص مسعود بارزانی به پزشکیان +عکس,مشرق نیوز,اخبار-جهان,2024-09-13 10:03:08.693761,https://www.shahrekhabar.com/news/172614888031227
ویدیو / تلاش سرباز روس برای خودکشی!,صد آنلاین,اخبار-جهان,2024-09-13 10:03:08.693761,https://www.shahrekhabar.com/news/172614810015763
ایران هیچ هدفی برای ترور یا ربایش در غرب ندارد,خبرگزاری تسنیم,اخبار-جهان,2024-09-13 10:03:08.693761,https://www.shahrekhabar.com/news/172614810099180
ویدیو / دیدار مهم پوتین با مقام عالی امنیتی ایران,صد آنلاین,اخبار-جهان,2024-09-13 10:03:08.693761,https://www.shahrekhabar.com/news/172614720027338
فیلم/ ادای احترام پزشکیان به مزار جلال طالبانی,مشرق نیوز,اخبار-جهان,2024-09-13 10:03:08.693761,https://www.shahrekhabar.com/news/17261463005950
احضار نمایندگان ‌۴ کشور اروپایی به وزارت امور خارجه,مشرق نیوز,اخبار-جهان,2024-09-13 10:03:08.693761,https://www.shahrekhabar.com/news/17261461803766
عراقچی:عربستان مانند عراق جایگاه ویژه‌ای در سیاست ایران دارد,خبرگزاری تسنیم,اخبار-جهان,2024-09-13 10:03:08.693761,https://www.shahrekhabar.com/news/172614558086372
بیانیه مشترک آمریکا و تروئیکای اروپا علیه ایران,خبرگزاری تسنیم,اخبار-جهان,2024-09-13 10:03:08.693761,https://www.shahrekhabar.com/news/172614534002783
تعطیلی یک مرکز اسلامی دیگر در آلمان,خبرگزاری تسنیم,اخبار-جهان,2024-09-13 10:03:08.693761,https://www.shahrekhabar.com/news/172614534096786
احضار دیپلمات‌های نگلیس، فرانسه، هلند و آلمان به وزارت خارجه,خبرگزاری تسنیم,اخبار-جهان,2024-09-13 10:03:08.693761,https://www.shahrekhabar.com/news/17261453409074
ورود کاروان نظامی آمریکا از کردستان عراق به سوریه,مشرق نیوز,اخبار-جهان,2024-09-13 10:03:08.693761,https://www.shahrekhabar.com/news/172614516002669
بررسی فنی مناظره ترامپ و هریس,مشرق نیوز,اخبار-جهان,2024-09-13 10:03:08.693761,https://www.shahrekhabar.com/news/172614510032723
قصه دیجیتالی شدن اینجوریه!+ فیلم,مشرق نیوز,اخبار-جهان,2024-09-13 10:03:08.693761,https://www.shahrekhabar.com/news/172614492017763
زلنسکی پیشنهاد صلح چین و برزیل را رد کرد,مشرق نیوز,اخبار-جهان,2024-09-13 10:03:08.693761,https://www.shahrekhabar.com/news/172614456026188
موشک‌های ایرانی، بهانه جدید آمریکا برای حمله به خاک روسیه,صد آنلاین,اخبار-جهان,2024-09-13 10:03:08.693761,https://www.shahrekhabar.com/news/172614390068372
مجوز حمله به خاک روسیه صادر شده است,صد آنلاین,اخبار-جهان,2024-09-13 10:03:08.693761,https://www.shahrekhabar.com/news/172614330018947
دیدار دبیر شورای عالی امنیت ملی ایران با پوتین,خبرگزاری تسنیم,اخبار-جهان,2024-09-13 10:03:08.693761,https://www.shahrekhabar.com/news/172614300083016
پوتین در دیدار با وانگ‌یی: از نظم جهانی عادلانه دفاع می‌کنیم,مشرق نیوز,اخبار-جهان,2024-09-13 10:03:08.693761,https://www.shahrekhabar.com/news/172614294039535
نگرانی ترکیه از همکاری نظامی آمریکا با جمهوری قبرس,مشرق نیوز,اخبار-جهان,2024-09-13 10:03:08.693761,https://www.shahrekhabar.com/news/17261428805289
صبوری: با تحقق تهدید ایران بحران‌های اسرائیل تشدید می‌شود,خبرگزاری تسنیم,اخبار-جهان,2024-09-13 10:03:08.693761,https://www.shahrekhabar.com/news/172614036008970
«ریاض سلامه»؛ عامل تحریم حزب الله پشت میز محاکمه,خبرگزاری تسنیم,اخبار-جهان,2024-09-13 10:03:08.693761,https://www.shahrekhabar.com/news/172614036002846
پیام تبریک حزب‌الله برای خانواده شهید اردنی,خبرگزاری تسنیم,اخبار-جهان,2024-09-13 10:03:08.693761,https://www.shahrekhabar.com/news/172614036096813
انگلیس به اوکراین مجوز استفاده از سلاح‌های دوربرد می‌دهد,خبرگزاری تسنیم,اخبار-جهان,2024-09-13 10:03:08.693761,https://www.shahrekhabar.com/news/17261395801682
قطعنامه پایان اشغال اراضی فلسطین به رای گذاشته می‌شود,خبرگزاری تسنیم,اخبار-جهان,2024-09-13 10:03:08.693761,https://www.shahrekhabar.com/news/172613928076328
رژیم صهیونیستی به بورل اجازه ورود نداد,خبرگزاری تسنیم,اخبار-جهان,2024-09-13 10:03:08.693761,https://www.shahrekhabar.com/news/172613862082314
بارزانی:نباید از خاک اقلیم کردستان علیه ایران استفاده شود,خبرگزاری تسنیم,اخبار-جهان,2024-09-13 10:03:08.693761,https://www.shahrekhabar.com/news/172613862076320
کامالا هریس در مناظره تقلب کرده است؟,صد آنلاین,اخبار-جهان,2024-09-13 10:03:08.693761,https://www.shahrekhabar.com/news/172613850098732
اظهارات جدید زلسنکی درباره ارسال موشک‌های بالستیک ایران به روسیه,صد آنلاین,اخبار-جهان,2024-09-13 10:03:08.693761,https://www.shahrekhabar.com/news/172613790035752
سفر به انگلیس برای اروپایی‌ها پیچیده تر می شود,خبرگزاری تسنیم,اخبار-جهان,2024-09-13 10:03:08.693761,https://www.shahrekhabar.com/news/172613712013119
هدیه ویژه چین به ایران و خاورمیانه,صد آنلاین,اخبار-جهان,2024-09-13 10:03:08.693761,https://www.shahrekhabar.com/news/172613550053368
اسکات ریتر: گسترش بریکس پیروزی راهبردی برای روسیه است,خبرگزاری تسنیم,اخبار-جهان,2024-09-13 10:03:08.693761,https://www.shahrekhabar.com/news/172613502067234
شهادت 2 نفر در حمله پهپادی اسرائیل به خودرویی در سوریه,خبرگزاری تسنیم,اخبار-جهان,2024-09-13 10:03:08.693761,https://www.shahrekhabar.com/news/172613502061240
تاکید ایران و ترکیه بر رسیدن حجم تبادلات تجاری به 30 میلیارد,خبرگزاری تسنیم,اخبار-جهان,2024-09-13 10:03:08.693761,https://www.shahrekhabar.com/news/17261350205528
حمله پهپادی اسرائیل در سوریه/ ۲ نفر کشته شدند,صد آنلاین,اخبار-جهان,2024-09-13 10:03:08.693761,https://www.shahrekhabar.com/news/172613430064216
درباره تحریم ایران ایر چه می‌دانیم؟ آیا ایران ایر موشک بالستیک حمل کرده است؟,صد آنلاین,اخبار-جهان,2024-09-13 10:03:08.693761,https://www.shahrekhabar.com/news/172613340025670
شاهکار جدید مهندسان آلمانی +تصویر,مشرق نیوز,اخبار-جهان,2024-09-13 10:03:08.693761,https://www.shahrekhabar.com/news/172613232048922
روسیه رسما مرگ برجام را اعلام کرد/توافق هسته‌ای بر اثر اقدامات غرب غیرقابل‌اجرا شده,صد آنلاین,اخبار-جهان,2024-09-13 10:03:08.693761,https://www.shahrekhabar.com/news/17261322007526
پکن: هرگونه تجاوز خارجی به قلمروی چین را قاطعانه در هم می‌کوبیم,مشرق نیوز,اخبار-جهان,2024-09-13 10:03:08.693761,https://www.shahrekhabar.com/news/172613196022586
لحظه فروریختن پلی در آلمان + فیلم,مشرق نیوز,اخبار-جهان,2024-09-13 10:03:08.693761,https://www.shahrekhabar.com/news/172613196033694
پوتین: 34 کشور تمایلشان را برای پیوستن به بریکس ابراز کردند,خبرگزاری تسنیم,اخبار-جهان,2024-09-13 10:03:08.693761,https://www.shahrekhabar.com/news/172613124004759
قطر:اسرائیل به همه قوانین بین‌المللی دهن‌کجی می‌کند,خبرگزاری تسنیم,اخبار-جهان,2024-09-13 10:03:08.693761,https://www.shahrekhabar.com/news/172613076079395
حمله پهپادی اسرائیل به یک خودرو در سوریه,صد آنلاین,اخبار-جهان,2024-09-13 10:03:08.693761,https://www.shahrekhabar.com/news/172613070083731
ریابکوف: به توسعه روابط با ایران ادامه می‌دهیم,مشرق نیوز,اخبار-جهان,2024-09-13 10:03:08.693761,https://www.shahrekhabar.com/news/172613040018934
تحرکات چین در مرز مشترک با هند,مشرق نیوز,اخبار-جهان,2024-09-13 10:03:08.693761,https://www.shahrekhabar.com/news/172613028027788
اولین رایزنی وزیر خارجه جدید اوکراین با دبیرکل ناتو,مشرق نیوز,اخبار-جهان,2024-09-13 10:03:08.693761,https://www.shahrekhabar.com/news/172613004021223
آمریکا برای ترویج فرهنگ ضددینی در افغانستان تلاش می‌کرد,خبرگزاری تسنیم,اخبار-جهان,2024-09-13 10:03:08.693761,https://www.shahrekhabar.com/news/17261295604887
هریس و ترامپ؛ کدام یک برنده مناظره بود؟,مشرق نیوز,اخبار-جهان,2024-09-13 10:03:08.693761,https://www.shahrekhabar.com/news/172612944033511
چین: از تمامیت ارضی و حاکمیت ایران حمایت می‌کنیم,خبرگزاری تسنیم,اخبار-جهان,2024-09-13 10:03:08.693761,https://www.shahrekhabar.com/news/172612914014592
روایت بانوی فلسطینی از حبس در سلول انفرادی بدون آب و هوا,خبرگزاری تسنیم,اخبار-جهان,2024-09-13 10:03:08.693761,https://www.shahrekhabar.com/news/172612896034484
تحولات اوکراین|آیا جنگ به خاک روسیه کشیده خواهد شد؟,خبرگزاری تسنیم,اخبار-جهان,2024-09-13 10:03:08.693761,https://www.shahrekhabar.com/news/172612884053965
دیدار احمدیان با همتای ونزوئلایی و وزیر خارجه چین,خبرگزاری تسنیم,اخبار-جهان,2024-09-13 10:03:08.693761,https://www.shahrekhabar.com/news/172612800055258
طالبان: هیچ تبعه افغان در حملات ۱۱ سپتامبر دخالت نداشت,مشرق نیوز,اخبار-جهان,2024-09-13 10:03:08.693761,https://www.shahrekhabar.com/news/172612788017434
پوتین: روسیه سالها‌ست در حال مبارزه با فاشیسم است,خبرگزاری تسنیم,اخبار-جهان,2024-09-13 10:03:08.693761,https://www.shahrekhabar.com/news/172612770092660
نهادهای بین‌المللی توسط آمریکا و متحدانش گروگان گرفته شدند,خبرگزاری تسنیم,اخبار-جهان,2024-09-13 10:03:08.693761,https://www.shahrekhabar.com/news/172612764004949
زلنسکی، رییس‌جمهور اوکراین: مدرکی برای ارسال موشک‌های ایران به روسیه نداریم,صد آنلاین,اخبار-جهان,2024-09-13 10:03:08.693761,https://www.shahrekhabar.com/news/17261274006514
طالبان: هیچ تبعه افغان در حملات 11 سپتامبر دخالت نداشت,خبرگزاری تسنیم,اخبار-جهان,2024-09-13 10:03:08.693761,https://www.shahrekhabar.com/news/172612734092649
واکنش کنعانی به رویکرد دوگانه انگلیس,خبرگزاری تسنیم,اخبار-جهان,2024-09-13 10:03:08.693761,https://www.shahrekhabar.com/news/17261271006264
جمهوری آذربایجان از تیراندازی به مواضعش در نخجوان خبر داد,مشرق نیوز,اخبار-جهان,2024-09-13 10:03:08.693761,https://www.shahrekhabar.com/news/172612710035726
چرا اسرائیل از ورود خبرنگاران مستقل خارجی به غزه می‌ترسد؟,خبرگزاری تسنیم,اخبار-جهان,2024-09-13 10:03:08.693761,https://www.shahrekhabar.com/news/17261265602953
تاکید جلالی بر تغییر مسیر فرهنگ غربی به سمت رویکردهای سنتی,خبرگزاری تسنیم,اخبار-جهان,2024-09-13 10:03:08.693761,https://www.shahrekhabar.com/news/172612626035667
شمار قربانیان طوفان یاگی در ویتنام به حدود ۲۰۰ تن رسید,مشرق نیوز,اخبار-جهان,2024-09-13 10:03:08.693761,https://www.shahrekhabar.com/news/172612608010311
روسیه: واکنش آژانس به تهدیدات هسته‌ای اوکراین قاطع باشد,خبرگزاری تسنیم,اخبار-جهان,2024-09-13 10:03:08.693761,https://www.shahrekhabar.com/news/172612572014369
کلاه تبلیغاتی ترامپ روی سر بایدن در سالروز ۱۱ سپتامبر!+ فیلم,مشرق نیوز,اخبار-جهان,2024-09-13 10:03:08.693761,https://www.shahrekhabar.com/news/172612560050297
راهکارهایی برای کاهش وزن بدون نیاز به ورزش کردن,بهداشت نیوز,اخبار-پزشکی-سلامت,2024-09-13 10:03:08.693761,https://www.shahrekhabar.com/news/172620594057367
با خندیدن این بیماری چشمی را به سادگی درمان کنید,بهداشت نیوز,اخبار-پزشکی-سلامت,2024-09-13 10:03:08.693761,https://www.shahrekhabar.com/news/172620576020742
این افراد دچار حملات قلبی می شوند,صد آنلاین,اخبار-پزشکی-سلامت,2024-09-13 10:03:08.693761,https://www.shahrekhabar.com/news/172620360022440
بهترین راه درمان خانگی بی‌اختیاری ادرار,صد آنلاین,اخبار-پزشکی-سلامت,2024-09-13 10:03:08.693761,https://www.shahrekhabar.com/news/172620180008816
پیشگیری از آلزایمر با این ویتامین ها,صد آنلاین,اخبار-پزشکی-سلامت,2024-09-13 10:03:08.693761,https://www.shahrekhabar.com/news/17262000004066
فرآورده‌های غذایی غیرمجاز اعلام شد + اسامی محصولات,مشرق نیوز,اخبار-پزشکی-سلامت,2024-09-13 10:03:08.693761,https://www.shahrekhabar.com/news/172619988038279
آسم در کمین مبتلایان به دیابت نوع ۲,صد آنلاین,اخبار-پزشکی-سلامت,2024-09-13 10:03:08.693761,https://www.shahrekhabar.com/news/172619820098145
اگر یک تیروئید سالم و صفر درجه می خواهید بخوانید,صد آنلاین,اخبار-پزشکی-سلامت,2024-09-13 10:03:08.693761,https://www.shahrekhabar.com/news/172619640008713
حفظ جوانی و طراوت پوست با این نوشیدنی,صد آنلاین,اخبار-پزشکی-سلامت,2024-09-13 10:03:08.693761,https://www.shahrekhabar.com/news/172619460091730
کره زیاد بخورید این اتفاقات برایتان می افتد,بهداشت نیوز,اخبار-پزشکی-سلامت,2024-09-13 10:03:08.693761,https://www.shahrekhabar.com/news/172618944026665
اگر این مشکلات را دارید ناشتا سیر بخورید!,بهداشت نیوز,اخبار-پزشکی-سلامت,2024-09-13 10:03:08.693761,https://www.shahrekhabar.com/news/172618944020693
اگر ضدآفتاب را قبل از خواب پاک نکنید، دچار این مشکلات می‌شوید,بهداشت نیوز,اخبار-پزشکی-سلامت,2024-09-13 10:03:08.693761,https://www.shahrekhabar.com/news/172618944014664
چه ارتباطی بین ویتامین ها و آلزایمر وجود دارد؟,مشرق نیوز,اخبار-پزشکی-سلامت,2024-09-13 10:03:08.693761,https://www.shahrekhabar.com/news/172618548037972
افسردگی یا نشستن در سیاه چاله روانی,مشرق نیوز,اخبار-پزشکی-سلامت,2024-09-13 10:03:08.693761,https://www.shahrekhabar.com/news/172618188033939
به این دلیل سیر را با معده خالی و به صورت خام بخورید,بهداشت نیوز,اخبار-پزشکی-سلامت,2024-09-13 10:03:08.693761,https://www.shahrekhabar.com/news/172617084019287
این نوشیدین بهترین سلاح برای مبارزه با آلودگی هوا,صد آنلاین,اخبار-پزشکی-سلامت,2024-09-13 10:03:08.693761,https://www.shahrekhabar.com/news/17261550005337
شیوع دوباره کرونا در پاییز و زمستان ؟ / تدابیر ضروری برای مقابله با موج جدید کرونا,صد آنلاین,اخبار-پزشکی-سلامت,2024-09-13 10:03:08.693761,https://www.shahrekhabar.com/news/172614960053618
برای بازگرداندن شادی به زندگی از این تکنیک ساده استقلال کنید,صد آنلاین,اخبار-پزشکی-سلامت,2024-09-13 10:03:08.693761,https://www.shahrekhabar.com/news/172614792065963
استرس می تواند باعث سرگیجه شود؟,صد آنلاین,اخبار-پزشکی-سلامت,2024-09-13 10:03:08.693761,https://www.shahrekhabar.com/news/172614660078958
خوراکی‌های سالمی که باید از دسترس کودکان دور نگه دارید,بهداشت نیوز,اخبار-پزشکی-سلامت,2024-09-13 10:03:08.693761,https://www.shahrekhabar.com/news/172614594020026
افزایش وزن و خستگی دارید ؟ / 7 نشانه اولیه سندرم تخمدان پلی کیستیک را بشناسید,صد آنلاین,اخبار-پزشکی-سلامت,2024-09-13 10:03:08.693761,https://www.shahrekhabar.com/news/172614540071863
اگر یک زندگی با ارامش می خواهید این غذاها را بخورید / این افراد افسرده می شوند,صد آنلاین,اخبار-پزشکی-سلامت,2024-09-13 10:03:08.693761,https://www.shahrekhabar.com/news/172614420085480
افرادی که این مزاج را دارند حواس تند و تیزتری دارند/ خوراکی هایی که حواس را تقویت می کنند,بهداشت نیوز,اخبار-پزشکی-سلامت,2024-09-13 10:03:08.693761,https://www.shahrekhabar.com/news/17261437206105
رشد سریع مو با مصرف این ماده / چگونه از پروبیوتیک ها برای رشد مو استفاده کنیم؟,صد آنلاین,اخبار-پزشکی-سلامت,2024-09-13 10:03:08.693761,https://www.shahrekhabar.com/news/172614300031151
این مواد غذایی را بخورید حال روحی تان هم خوب می شود,بهداشت نیوز,اخبار-پزشکی-سلامت,2024-09-13 10:03:08.693761,https://www.shahrekhabar.com/news/172614276014210
مشق نوشتن نامناسب بچه‌ ها این بلاها را سرشان می آورد,بهداشت نیوز,اخبار-پزشکی-سلامت,2024-09-13 10:03:08.693761,https://www.shahrekhabar.com/news/172614240012492
کاهش وزن با آب این میوه سرشار از ویتامین C، ویتامین A، آهن و کلسیم,صد آنلاین,اخبار-پزشکی-سلامت,2024-09-13 10:03:08.693761,https://www.shahrekhabar.com/news/172614240028174
این غذا‌ها حواس تان را تقویت می‌کند,صد آنلاین,اخبار-پزشکی-سلامت,2024-09-13 10:03:08.693761,https://www.shahrekhabar.com/news/172614180066548
چربی شکم را اینگونه نابود کنید,صد آنلاین,اخبار-پزشکی-سلامت,2024-09-13 10:03:08.693761,https://www.shahrekhabar.com/news/172614060002059
گزینه‌های مناسب برای صبحانه کودکان / اگر کودکی سالم می خواهید بخوانید,صد آنلاین,اخبار-پزشکی-سلامت,2024-09-13 10:03:08.693761,https://www.shahrekhabar.com/news/172613946084073
این محصولات باعث بلوغ زودرس کودکان می شود,صد آنلاین,اخبار-پزشکی-سلامت,2024-09-13 10:03:08.693761,https://www.shahrekhabar.com/news/172613850054134
اگر سرماخوردگی شدید دارید یا دچار گرفتگی بینی شده اید این اقدام را حتما انجام دهید,بهداشت نیوز,اخبار-پزشکی-سلامت,2024-09-13 10:03:08.693761,https://www.shahrekhabar.com/news/172613466097227
با این مواد گیاهی و خانگی بوتاکس پیشانی انجام دهید,صد آنلاین,اخبار-پزشکی-سلامت,2024-09-13 10:03:08.693761,https://www.shahrekhabar.com/news/172613460074375
این 6 رفتار را ترک کنید اگر سخت کار می‌کنید اما موفق نمی‌شوید,صد آنلاین,اخبار-پزشکی-سلامت,2024-09-13 10:03:08.693761,https://www.shahrekhabar.com/news/172613340009666
اگر می خواهید همیشه شاد و خوشبخت باشید بخوانید,بهداشت نیوز,اخبار-پزشکی-سلامت,2024-09-13 10:03:08.693761,https://www.shahrekhabar.com/news/172613118001078
این افراد لب به این شیر نزنند,صد آنلاین,اخبار-پزشکی-سلامت,2024-09-13 10:03:08.693761,https://www.shahrekhabar.com/news/172613100069735
اتفاقاتی که بعد از خوردن آبغوره در بدنمان می افتد,بهداشت نیوز,اخبار-پزشکی-سلامت,2024-09-13 10:03:08.693761,https://www.shahrekhabar.com/news/172612974000268
دلیل سردرد در سمت راست سر چیست؟,بهداشت نیوز,اخبار-پزشکی-سلامت,2024-09-13 10:03:08.693761,https://www.shahrekhabar.com/news/172612878098997
این بیماری ها از 50 سالگی به سراغتان می آید,بهداشت نیوز,اخبار-پزشکی-سلامت,2024-09-13 10:03:08.693761,https://www.shahrekhabar.com/news/172612734094488
فرزندانتان را با این رویکرد تربیت کنید,بهداشت نیوز,اخبار-پزشکی-سلامت,2024-09-13 10:03:08.693761,https://www.shahrekhabar.com/news/172612560010596
این ویتامین ها و مواد معدنی را مصرف کنید از آلزایمر در امان می مانید,بهداشت نیوز,اخبار-پزشکی-سلامت,2024-09-13 10:03:08.693761,https://www.shahrekhabar.com/news/172612524006299
بهترین درمان سردردهای میگرنی,صد آنلاین,اخبار-پزشکی-سلامت,2024-09-13 10:03:08.693761,https://www.shahrekhabar.com/news/172612500093565
رشد و تقویت مو با معجزه این سه روغن کم هزینه,صد آنلاین,اخبار-پزشکی-سلامت,2024-09-12 10:03:08.693761,https://www.shahrekhabar.com/news/172612080086531
این علامت روی دست و ناخن نشانه مشکلات ریوی است,صد آنلاین,اخبار-پزشکی-سلامت,2024-09-12 10:03:08.693761,https://www.shahrekhabar.com/news/172611900059923
این گوشت پرخاصیت شما را لاغر می کند/ خاصیت گوشت این پرنده ده برابر گوشت گاو است,صد آنلاین,اخبار-پزشکی-سلامت,2024-09-12 10:03:08.693761,https://www.shahrekhabar.com/news/172611720044660
این علائم را جدی بگیرید/ چطور متوجه علاقه دیگران به خودمان شویم؟,صد آنلاین,اخبار-پزشکی-سلامت,2024-09-12 10:03:08.693761,https://www.shahrekhabar.com/news/172611546090867
درمان معجزه‌آسای سردرد / با این روش سردردتان را قبل از شروع متوقف کنید,صد آنلاین,اخبار-پزشکی-سلامت,2024-09-12 10:03:08.693761,https://www.shahrekhabar.com/news/172611360099126
"""سودجویی"" بلای سلامت مردم/ چرا مردم از ""نان کامل"" محرومند؟",خبرگزاری تسنیم,اخبار-پزشکی-سلامت,2024-09-12 10:03:08.693761,https://www.shahrekhabar.com/news/172611246054355
مواد غذایی مفید برای کاهش درد دندان,مشرق نیوز,اخبار-پزشکی-سلامت,2024-09-12 10:03:08.693761,https://www.shahrekhabar.com/news/172611168000284
با این راهکار سه سوته لاغر شو / ۸ راهکار ساده برای کاهش وزن بدون ورزش!,صد آنلاین,اخبار-پزشکی-سلامت,2024-09-12 10:03:08.693761,https://www.shahrekhabar.com/news/172611000029592
اگر این نشانه ها را دارید یعنی شما دچار کم‌خوابی هستید,صد آنلاین,اخبار-پزشکی-سلامت,2024-09-12 10:03:08.693761,https://www.shahrekhabar.com/news/172610820052820
علائم هندوانه مسموم,مشرق نیوز,اخبار-پزشکی-سلامت,2024-09-12 10:03:08.693761,https://www.shahrekhabar.com/news/172610448005160
فواید استفاده از نان‌های تیره,مشرق نیوز,اخبار-پزشکی-سلامت,2024-09-12 10:03:08.693761,https://www.shahrekhabar.com/news/172610088013452
میان وعده‌های سالم برای دانش آموزان,مشرق نیوز,اخبار-پزشکی-سلامت,2024-09-12 10:03:08.693761,https://www.shahrekhabar.com/news/172609368000090
عوامل اصلی سنگ کلیه,مشرق نیوز,اخبار-پزشکی-سلامت,2024-09-12 10:03:08.693761,https://www.shahrekhabar.com/news/172609014019735
دیابت نوع ۲ را با این روش ساده تشخیص دهید,بهداشت نیوز,اخبار-پزشکی-سلامت,2024-09-12 10:03:08.693761,https://www.shahrekhabar.com/news/17260842609527
نوشیدن شیر سویا برای این افراد ممنوع,بهداشت نیوز,اخبار-پزشکی-سلامت,2024-09-12 10:03:08.693761,https://www.shahrekhabar.com/news/17260841409660
باید از افزایش ظرفیت پزشکی به نفع مناطق محروم استفاده کنیم,خبرگزاری تسنیم,اخبار-پزشکی-سلامت,2024-09-12 10:03:08.693761,https://www.shahrekhabar.com/news/172608072004617
مراودات نظام سلامت با WHO در بالاترین سطح ادامه می‌یابد,خبرگزاری تسنیم,اخبار-پزشکی-سلامت,2024-09-12 10:03:08.693761,https://www.shahrekhabar.com/news/172608072098672
حذف عینک میسر شد | گیاهان دارویی که بینایی شما را چند برابر می کند,صد آنلاین,اخبار-پزشکی-سلامت,2024-09-12 10:03:08.693761,https://www.shahrekhabar.com/news/172607610041929
این گیاه بدبو قاتل فشار خون است | با داروهای گران خداحافظی کنید,صد آنلاین,اخبار-پزشکی-سلامت,2024-09-12 10:03:08.693761,https://www.shahrekhabar.com/news/172607520036628
ترکیب گوجه و این ادویه 100 برابر همه داروها قند خون را از پانصد به صد می رساند,صد آنلاین,اخبار-پزشکی-سلامت,2024-09-12 10:03:08.693761,https://www.shahrekhabar.com/news/172607430088159
تب دنگی بلای جان ایران می شود ؟ + جزئیات,صد آنلاین,اخبار-پزشکی-سلامت,2024-09-12 10:03:08.693761,https://www.shahrekhabar.com/news/172607250058853
با این روش پوکی استخوان را فراری دهید,صد آنلاین,اخبار-پزشکی-سلامت,2024-09-12 10:03:08.693761,https://www.shahrekhabar.com/news/172606506044127
برای داشتن پوستی سالم و آیینه این راهکار را انجام شد,صد آنلاین,اخبار-پزشکی-سلامت,2024-09-12 10:03:08.693761,https://www.shahrekhabar.com/news/17260593009280
یک روتین شبانه عالی برای کمک به عملکرد بهتر تیروئید,بهداشت نیوز,اخبار-پزشکی-سلامت,2024-09-12 10:03:08.693761,https://www.shahrekhabar.com/news/172605924011932
بی دلیل چاق شده اید ؟ / این اتفاق باعث چاقی می شود,صد آنلاین,اخبار-پزشکی-سلامت,2024-09-12 10:03:08.693761,https://www.shahrekhabar.com/news/17260590002157
ابتلای ۱۸۹ نفر به تب دنگی در کشور,مشرق نیوز,اخبار-پزشکی-سلامت,2024-09-12 10:03:08.693761,https://www.shahrekhabar.com/news/172605876080591
تمرکز نظام سلامت بر درمان است,خبرگزاری تسنیم,اخبار-پزشکی-سلامت,2024-09-12 10:03:08.693761,https://www.shahrekhabar.com/news/172605852051248
۱۶ راه برای پیشگیری از سنگ کلیه / با این روش ها سنگ کلیه را فراری دهید,صد آنلاین,اخبار-پزشکی-سلامت,2024-09-12 10:03:08.693761,https://www.shahrekhabar.com/news/172605810015513
با این کار میگرن را غافلگیر کنید!,صد آنلاین,اخبار-پزشکی-سلامت,2024-09-12 10:03:08.693761,https://www.shahrekhabar.com/news/172605780043775
چرا حملات قلبی اتفاق می‌افتد؟,بهداشت نیوز,اخبار-پزشکی-سلامت,2024-09-12 10:03:08.693761,https://www.shahrekhabar.com/news/172605744064185
ابتلای 189 نفر به تب دنگی/ صید پشه آئدس در 8 استان کشور,خبرگزاری تسنیم,اخبار-پزشکی-سلامت,2024-09-12 10:03:08.693761,https://www.shahrekhabar.com/news/172605738061690
این سبزی خوشمزه سلامت پوست و موی شما را تضمین می کند,صد آنلاین,اخبار-پزشکی-سلامت,2024-09-12 10:03:08.693761,https://www.shahrekhabar.com/news/17260569007945
آسان ترین روش تشخیص دیابت,صد آنلاین,اخبار-پزشکی-سلامت,2024-09-12 10:03:08.693761,https://www.shahrekhabar.com/news/172605600050393
پشه آئدس در استان‌های گیلان، مازندران، اردبیل و گلستان مستقر می شود؟,صد آنلاین,اخبار-پزشکی-سلامت,2024-09-12 10:03:08.693761,https://www.shahrekhabar.com/news/172605420083385
اگر می خواهید ویتامین D و K را مصرف کنید بخوانید,صد آنلاین,اخبار-پزشکی-سلامت,2024-09-12 10:03:08.693761,https://www.shahrekhabar.com/news/172605330073239
این نان بیشترین ارزش غذایی را دارد,صد آنلاین,اخبار-پزشکی-سلامت,2024-09-12 10:03:08.693761,https://www.shahrekhabar.com/news/172605240092086
بهترین میان وعده‌های سالم برای دانش آموزان را بشناسید,صد آنلاین,اخبار-پزشکی-سلامت,2024-09-12 10:03:08.693761,https://www.shahrekhabar.com/news/172605180078754
زیتون سیاه یاسبز؟ رازهای نهفته در هر رنگ+ اینفوگرافی,بهداشت نیوز,اخبار-پزشکی-سلامت,2024-09-12 10:03:08.693761,https://www.shahrekhabar.com/news/172604832066297
دلایل سرگیجه بعد از خوردن غذا + اینفوگرافیک,بهداشت نیوز,اخبار-پزشکی-سلامت,2024-09-12 10:03:08.693761,https://www.shahrekhabar.com/news/172604814088767
افزایش 5 درصدی اهدای خون/ بیشترین مصرف خون در تهران,خبرگزاری تسنیم,اخبار-پزشکی-سلامت,2024-09-12 10:03:08.693761,https://www.shahrekhabar.com/news/172604736070943
سرانه مصرف نان در ایران 3 برابر کشورهای جهان است,خبرگزاری تسنیم,اخبار-پزشکی-سلامت,2024-09-12 10:03:08.693761,https://www.shahrekhabar.com/news/172604628029064
بلایی که سیگار الکترونیکی سر سلامت جوانان می آورد,صد آنلاین,اخبار-پزشکی-سلامت,2024-09-12 10:03:08.693761,https://www.shahrekhabar.com/news/172604340043136
بی‌اختیاری ادرار، از عوامل تا درمان,بهداشت نیوز,اخبار-پزشکی-سلامت,2024-09-12 10:03:08.693761,https://www.shahrekhabar.com/news/172604298035283
اختلالات چشم، قلب، عصبی ، دیابت و کلیوی با خوردن این غذاهای سالم !,صد آنلاین,اخبار-پزشکی-سلامت,2024-09-12 10:03:08.693761,https://www.shahrekhabar.com/news/172604220097850
بلایی که چاقی و دیابت سر شما می آورد / افزایش خطر عفونت‌های شدید برای این افراد,صد آنلاین,اخبار-پزشکی-سلامت,2024-09-12 10:03:08.693761,https://www.shahrekhabar.com/news/17260413000822
شایعترین عضو درگیر در بیماری سیستیک فیبروزیس کجاست؟,بهداشت نیوز,اخبار-پزشکی-سلامت,2024-09-12 10:03:08.693761,https://www.shahrekhabar.com/news/172604028088828
رشد ۵ درصدی اهدای خون در سال جاری/سهم بانوان چقدر است,مشرق نیوز,اخبار-پزشکی-سلامت,2024-09-12 10:03:08.693761,https://www.shahrekhabar.com/news/172603992053572
با این صبحانه یک روده سالم داشته باشید / کنترل علائم کولیت روده با این خوراکی ها,صد آنلاین,اخبار-پزشکی-سلامت,2024-09-12 10:03:08.693761,https://www.shahrekhabar.com/news/17260392000444
برای درمان دیابت نوع دو از این قرص استفاده کنید,صد آنلاین,اخبار-پزشکی-سلامت,2024-09-12 10:03:08.693761,https://www.shahrekhabar.com/news/172603890088869
افزایش مرگ و میر مردان نسبت به زنان,مشرق نیوز,اخبار-پزشکی-سلامت,2024-09-12 10:03:08.693761,https://www.shahrekhabar.com/news/172603776039080
دانش آموزان را با غذاهای سالم آشنا کنید,بهداشت نیوز,اخبار-پزشکی-سلامت,2024-09-12 10:03:08.693761,https://www.shahrekhabar.com/news/172603764014534
زندگی را زندگی کن,بهداشت نیوز,اخبار-پزشکی-سلامت,2024-09-12 10:03:08.693761,https://www.shahrekhabar.com/news/172603758084734
بروز نفخ ، افزایش وزن ، سر درد و آسیب به قلب و عروق خونی به خاطر مصرف این ادویه,صد آنلاین,اخبار-پزشکی-سلامت,2024-09-12 10:03:08.693761,https://www.shahrekhabar.com/news/172603620062690
دیدار تعدادی از نمایندگان مجلس شورای اسلامی با وزیر بهداشت,بهداشت نیوز,اخبار-پزشکی-سلامت,2024-09-11 10:03:08.693761,https://www.shahrekhabar.com/news/172603530093048
آیا استفاده زیاد از تلفن همراه اعتیاد است؟,بهداشت نیوز,اخبار-پزشکی-سلامت,2024-09-11 10:03:08.693761,https://www.shahrekhabar.com/news/17260350008541
این گیاه قاتل زخم معده است,صد آنلاین,اخبار-پزشکی-سلامت,2024-09-11 10:03:08.693761,https://www.shahrekhabar.com/news/172603440026441
کودکان از مصرف این خوراکی‌های سالم اجتناب کنند؟,بهداشت نیوز,اخبار-پزشکی-سلامت,2024-09-11 10:03:08.693761,https://www.shahrekhabar.com/news/172603236081233
اگر این علائم را دارید یعنی کبدتان مشکل دارد,صد آنلاین,اخبار-پزشکی-سلامت,2024-09-11 10:03:08.693761,https://www.shahrekhabar.com/news/172602900013589
نوشیدن آب یخ باعث کبد چرب می‌شود؟,صد آنلاین,اخبار-پزشکی-سلامت,2024-09-11 10:03:08.693761,https://www.shahrekhabar.com/news/172602720094847
این غذاها باعث کاهش حافظه و فراموشکاری شما می‌شود,صد آنلاین,اخبار-پزشکی-سلامت,2024-09-11 10:03:08.693761,https://www.shahrekhabar.com/news/172602540016068
دست‌های ما درباره سلامتی چه می‌گویند؟,مشرق نیوز,اخبار-پزشکی-سلامت,2024-09-11 10:03:08.693761,https://www.shahrekhabar.com/news/172602528038442
اگر لباسمان با زعفران لکه شد چه کنیم ؟ / فوت و فن پاک کردن لکه زعفران از لباس,صد آنلاین,اخبار-پزشکی-سلامت,2024-09-11 10:03:08.693761,https://www.shahrekhabar.com/news/172602360038263
کاهش وزن در خواب/ این ۵ نکته ساده را رعایت کنید,صد آنلاین,اخبار-پزشکی-سلامت,2024-09-11 10:03:08.693761,https://www.shahrekhabar.com/news/172602180054615
چطور از شر شکم هورمونی خلاص شویم؟,مشرق نیوز,اخبار-پزشکی-سلامت,2024-09-11 10:03:08.693761,https://www.shahrekhabar.com/news/172601808018484
خواص خوردن گوشت بلدرچین که باورتان نمی شود,بهداشت نیوز,اخبار-پزشکی-سلامت,2024-09-11 10:03:08.693761,https://www.shahrekhabar.com/news/172601664084143
اتفاقاتی که بعد از خوردن گوجه فرنگی پخته در بدن مان می افتد,بهداشت نیوز,اخبار-پزشکی-سلامت,2024-09-11 10:03:08.693761,https://www.shahrekhabar.com/news/172601664078070
اگر از معمولی بودن می خواهید به بهترین تبدیل شوید بخوانید,بهداشت نیوز,اخبار-پزشکی-سلامت,2024-09-11 10:03:08.693761,https://www.shahrekhabar.com/news/172601664072081
تغذیه دانش آموزان از نگاه طب ایرانی,مشرق نیوز,اخبار-پزشکی-سلامت,2024-09-11 10:03:08.693761,https://www.shahrekhabar.com/news/172601448035086
خواص جالب پاپایا,مشرق نیوز,اخبار-پزشکی-سلامت,2024-09-11 10:03:08.693761,https://www.shahrekhabar.com/news/172600368031644
دانه مفیدی که از بیماری‌های قلبی عروقی جلوگیری می‌کند,بهداشت نیوز,اخبار-پزشکی-سلامت,2024-09-11 10:03:08.693761,https://www.shahrekhabar.com/news/172599768061359
اگر هر روز کره بخوریم چه اتفاقی در بدن‌مان می‌افتد؟,بهداشت نیوز,اخبار-پزشکی-سلامت,2024-09-11 10:03:08.693761,https://www.shahrekhabar.com/news/172599726067494
روشی سه سوته برای تقویت حافظه,صد آنلاین,اخبار-پزشکی-سلامت,2024-09-11 10:03:08.693761,https://www.shahrekhabar.com/news/172598580052487
این علامت یعنی بدن تان نسبت به آنتی بیوتیک مقاوم است,صد آنلاین,اخبار-پزشکی-سلامت,2024-09-11 10:03:08.693761,https://www.shahrekhabar.com/news/17259822007327
این افراد هرگز و این افراد موقتا نمی‌توانند خون اهدا کنند,بهداشت نیوز,اخبار-پزشکی-سلامت,2024-09-11 10:03:08.693761,https://www.shahrekhabar.com/news/172597908072555
نکات مهم برای خرید کوله‌پشتی دانش‌آموزان,بهداشت نیوز,اخبار-پزشکی-سلامت,2024-09-11 10:03:08.693761,https://www.shahrekhabar.com/news/172597884074016
راه انتقال آبله میمونی را بدانید,صد آنلاین,اخبار-پزشکی-سلامت,2024-09-11 10:03:08.693761,https://www.shahrekhabar.com/news/172597860088970
این ظاهر یعنی شما شکم هورمونی دارید / بهترین راه چربی سوزی را بدانید,صد آنلاین,اخبار-پزشکی-سلامت,2024-09-11 10:03:08.693761,https://www.shahrekhabar.com/news/172597680005646
اگر اکثر اوقات استرس دارید با این تکنیک‌ها آرامش به شما بر می‌گردد,بهداشت نیوز,اخبار-پزشکی-سلامت,2024-09-11 10:03:08.693761,https://www.shahrekhabar.com/news/172597548062386
